ts,1,2,3,4,5,6,7,8,9,10
2014-08-23 07:00:00,0.135,0.12,0.105,0.09,0.075,0.06,0.045,0.03,0.015,0.0
2014-08-23 07:30:00,0.135,0.12,0.105,0.09,0.075,0.06,0.045,0.03,0.015,0.0
2014-08-23 08:00:00,0.135,0.12,0.105,0.09,0.075,0.06,0.045,0.03,0.015,0.0
2014-08-23 08:30:00,0.135,0.12,0.105,0.09,0.075,0.06,0.045,0.03,0.015,0.0
2014-08-23 09:00:00,0.135,0.12,0.105,0.09,0.075,0.06,0.045,0.03,0.015,0.0
2014-08-23 09:30:00,0.135,0.12,0.105,0.09,0.075,0.06,0.045,0.03,0.015,0.0
2014-08-23 10:00:00,0.135,0.12,0.105,0.09,0.075,0.06,0.045,0.03,0.015,0.0
2014-08-23 10:30:00,0.135,0.12,0.105,0.09,0.075,0.06,0.045,0.03,0.015,0.0
2014-08-23 11:00:00,0.135,0.12,0.105,0.09,0.075,0.06,0.045,0.03,0.015,0.0
2014-08-23 11:30:00,0.135,0.12,0.105,0.09,0.075,0.06,0.045,0.03,0.015,0.0
2014-08-23 12:00:00,0.135,0.12,0.105,0.09,0.075,0.06,0.045,0.03,0.015,0.0
2014-08-23 12:30:00,0.135,0.12,0.105,0.09,0.075,0.06,0.045,0.03,0.015,0.0
2014-08-23 13:00:00,0.135,0.12,0.105,0.09,0.075,0.06,0.045,0.03,0.015,0.0
2014-08-23 13:30:00,0.135,0.12,0.105,0.09,0.075,0.06,0.045,0.03,0.015,0.0
2014-08-23 14:00:00,0.135,0.12,0.105,0.09,0.075,0.06,0.045,0.03,0.015,0.0
2014-08-23 14:30:00,0.135,0.12,0.105,0.09,0.075,0.06,0.045,0.03,0.015,0.0
2014-08-23 15:00:00,0.135,0.12,0.105,0.09,0.075,0.06,0.045,0.03,0.015,0.0
2014-08-23 15:30:00,0.135,0.12,0.105,0.09,0.075,0.06,0.045,0.03,0.015,0.0
2014-08-23 16:00:00,0.135,0.12,0.105,0.09,0.075,0.06,0.045,0.03,0.015,0.0
2014-08-23 16:30:00,0.135,0.12,0.105,0.09,0.075,0.06,0.045,0.03,0.015,0.0
2014-08-23 17:00:00,0.135,0.12,0.105,0.09,0.075,0.06,0.045,0.03,0.015,0.0
2014-08-23 17:30:00,0.135,0.12,0.105,0.09,0.075,0.06,0.045,0.03,0.015,0.0
2014-08-23 18:00:00,0.135,0.12,0.105,0.09,0.075,0.06,0.045,0.03,0.015,0.0
2014-08-23 18:30:00,0.135,0.12,0.105,0.09,0.075,0.06,0.045,0.03,0.015,0.0
2014-08-23 19:00:00,0.135,0.12,0.105,0.09,0.075,0.06,0.045,0.03,0.015,0.0
2014-08-23 19:30:00,0.135,0.12,0.105,0.09,0.075,0.06,0.045,0.03,0.015,0.0
2014-08-23 20:00:00,0.135,0.12,0.105,0.09,0.075,0.06,0.045,0.03,0.015,0.0
2014-08-23 20:30:00,0.135,0.12,0.105,0.09,0.075,0.06,0.045,0.03,0.015,0.0
2014-08-23 21:00:00,0.135,0.12,0.105,0.09,0.075,0.06,0.045,0.03,0.015,0.0
2014-08-23 21:30:00,0.135,0.12,0.105,0.09,0.075,0.06,0.045,0.03,0.015,0.0
2014-08-23 22:00:00,0.135,0.12,0.105,0.09,0.075,0.06,0.045,0.03,0.015,0.0
2014-08-23 22:30:00,0.135,0.12,0.105,0.09,0.075,0.06,0.045,0.03,0.015,0.0
2014-08-23 23:00:00,0.135,0.12,0.105,0.09,0.075,0.06,0.045,0.03,0.015,0.0
2014-08-23 23:30:00,0.135,0.12,0.105,0.09,0.075,0.06,0.045,0.03,0.015,0.0
2014-08-24 00:00:00,0.135,0.12,0.105,0.09,0.075,0.06,0.045,0.03,0.015,0.0
2014-08-24 00:30:00,0.135,0.12,0.105,0.09,0.075,0.06,0.045,0.03,0.015,0.0
2014-08-24 01:00:00,0.135,0.12,0.105,0.09,0.075,0.06,0.045,0.03,0.015,0.0
2014-08-24 01:30:00,0.135,0.12,0.105,0.09,0.075,0.06,0.045,0.03,0.015,0.0
2014-08-24 02:00:00,0.135,0.12,0.105,0.09,0.075,0.06,0.045,0.03,0.015,0.0
2014-08-24 02:30:00,0.135,0.12,0.105,0.09,0.075,0.06,0.045,0.03,0.015,0.0
2014-08-24 03:00:00,0.135,0.12,0.105,0.09,0.075,0.06,0.045,0.03,0.015,0.0
2014-08-24 03:30:00,0.135,0.12,0.105,0.09,0.075,0.06,0.045,0.03,0.015,0.0
2014-08-24 04:00:00,0.135,0.12,0.105,0.09,0.075,0.06,0.045,0.03,0.015,0.0
2014-08-24 04:30:00,0.135,0.12,0.105,0.09,0.075,0.06,0.045,0.03,0.015,0.0
2014-08-24 05:00:00,0.135,0.12,0.105,0.09,0.075,0.06,0.045,0.03,0.015,0.0
2014-08-24 05:30:00,0.135,0.12,0.105,0.09,0.075,0.06,0.045,0.03,0.015,0.0
2014-08-24 06:00:00,0.135,0.12,0.105,0.09,0.075,0.06,0.045,0.03,0.015,0.0
2014-08-24 06:30:00,0.135,0.12,0.105,0.09,0.075,0.06,0.045,0.03,0.015,0.0
2014-08-24 07:00:00,0.135,0.12,0.105,0.09,0.075,0.06,0.045,0.03,0.015,0.0
2014-08-24 07:30:00,0.135,0.12,0.105,0.09,0.075,0.06,0.045,0.03,0.015,0.0
2014-08-24 08:00:00,0.135,0.12,0.105,0.09,0.075,0.06,0.045,0.03,0.015,0.0
2014-08-24 08:30:00,0.135,0.12,0.105,0.09,0.075,0.06,0.045,0.03,0.015,0.0
2014-08-24 09:00:00,0.135,0.12,0.105,0.09,0.075,0.06,0.045,0.03,0.015,0.0
2014-08-24 09:30:00,0.135,0.12,0.105,0.09,0.075,0.06,0.045,0.03,0.015,0.0
2014-08-24 10:00:00,0.135,0.12,0.105,0.09,0.075,0.06,0.045,0.03,0.015,0.0
2014-08-24 10:30:00,0.135,0.12,0.105,0.09,0.075,0.06,0.045,0.03,0.015,0.0
2014-08-24 11:00:00,0.135,0.12,0.105,0.09,0.075,0.06,0.045,0.03,0.015,0.0
2014-08-24 11:30:00,0.135,0.12,0.105,0.09,0.075,0.06,0.045,0.03,0.015,0.0
2014-08-24 12:00:00,0.135,0.12,0.105,0.09,0.075,0.06,0.045,0.03,0.015,0.0
2014-08-24 12:30:00,0.135,0.12,0.105,0.09,0.075,0.06,0.045,0.03,0.015,0.0
2014-08-24 13:00:00,0.135,0.12,0.105,0.09,0.075,0.06,0.045,0.03,0.015,0.0
2014-08-24 13:30:00,0.135,0.12,0.105,0.09,0.075,0.06,0.045,0.03,0.015,0.0
2014-08-24 14:00:00,0.135,0.12,0.105,0.09,0.075,0.06,0.045,0.03,0.015,0.0
2014-08-24 14:30:00,0.135,0.12,0.105,0.09,0.075,0.06,0.045,0.03,0.015,0.0
2014-08-24 15:00:00,0.135,0.12,0.105,0.09,0.075,0.06,0.045,0.03,0.015,0.0
2014-08-24 15:30:00,0.135,0.12,0.105,0.09,0.075,0.06,0.045,0.03,0.015,0.0
2014-08-24 16:00:00,0.135,0.12,0.105,0.09,0.075,0.06,0.045,0.03,0.015,0.0
2014-08-24 16:30:00,0.135,0.12,0.105,0.09,0.075,0.06,0.045,0.03,0.015,0.0
2014-08-24 17:00:00,0.135,0.12,0.105,0.09,0.075,0.06,0.045,0.03,0.015,0.0
2014-08-24 17:30:00,0.135,0.12,0.105,0.09,0.075,0.06,0.045,0.03,0.015,0.0
2014-08-24 18:00:00,0.135,0.12,0.105,0.09,0.075,0.06,0.045,0.03,0.015,0.0
2014-08-24 18:30:00,0.135,0.12,0.105,0.09,0.075,0.06,0.045,0.03,0.015,0.0
2014-08-24 19:00:00,0.135,0.12,0.105,0.09,0.075,0.06,0.045,0.03,0.015,0.0
2014-08-24 19:30:00,0.135,0.12,0.105,0.09,0.075,0.06,0.045,0.03,0.015,0.0
2014-08-24 20:00:00,0.135,0.12,0.105,0.09,0.075,0.06,0.045,0.03,0.015,0.0
2014-08-24 20:30:00,0.135,0.12,0.105,0.09,0.075,0.06,0.045,0.03,0.015,0.0
2014-08-24 21:00:00,0.135,0.12,0.105,0.09,0.075,0.06,0.045,0.03,0.015,0.0
2014-08-24 21:30:00,0.135,0.12,0.105,0.09,0.075,0.06,0.045,0.03,0.015,0.0
2014-08-24 22:00:00,0.135,0.12,0.105,0.09,0.075,0.06,0.045,0.03,0.015,0.0
2014-08-24 22:30:00,0.135,0.12,0.105,0.09,0.075,0.06,0.045,0.03,0.015,0.0
2014-08-24 23:00:00,0.135,0.12,0.105,0.09,0.075,0.06,0.045,0.03,0.015,0.0
2014-08-24 23:30:00,0.135,0.12,0.105,0.09,0.075,0.06,0.045,0.03,0.015,0.0
2014-08-25 00:00:00,0.135,0.12,0.105,0.09,0.075,0.06,0.045,0.03,0.015,0.0
2014-08-25 00:30:00,0.135,0.12,0.105,0.09,0.075,0.06,0.045,0.03,0.015,0.0
2014-08-25 01:00:00,0.135,0.12,0.105,0.09,0.075,0.06,0.045,0.03,0.015,0.0
2014-08-25 01:30:00,0.135,0.12,0.105,0.09,0.075,0.06,0.045,0.03,0.015,0.0
2014-08-25 02:00:00,0.135,0.12,0.105,0.09,0.075,0.06,0.045,0.03,0.015,0.0
2014-08-25 02:30:00,0.135,0.12,0.105,0.09,0.075,0.06,0.045,0.03,0.015,0.0
2014-08-25 03:00:00,0.135,0.12,0.105,0.09,0.075,0.06,0.045,0.03,0.015,0.0
2014-08-25 03:30:00,0.135,0.12,0.105,0.09,0.075,0.06,0.045,0.03,0.015,0.0
2014-08-25 04:00:00,0.135,0.12,0.105,0.09,0.075,0.06,0.045,0.03,0.015,0.0
2014-08-25 04:30:00,0.135,0.12,0.105,0.09,0.075,0.06,0.045,0.03,0.015,0.0
2014-08-25 05:00:00,0.135,0.12,0.105,0.09,0.075,0.06,0.045,0.03,0.015,0.0
2014-08-25 05:30:00,0.135,0.12,0.105,0.09,0.075,0.06,0.045,0.03,0.015,0.0
2014-08-25 06:00:00,0.135,0.12,0.105,0.09,0.075,0.06,0.045,0.03,0.015,0.0
2014-08-25 06:30:00,0.135,0.12,0.105,0.09,0.075,0.06,0.045,0.03,0.015,0.0
2014-08-25 07:00:00,0.135,0.12,0.105,0.09,0.075,0.06,0.045,0.03,0.015,0.0
2014-08-25 07:30:00,0.135,0.12,0.105,0.09,0.075,0.06,0.045,0.03,0.015,0.0
2014-08-25 08:00:00,0.135,0.12,0.105,0.09,0.075,0.06,0.045,0.03,0.015,0.0
2014-08-25 08:30:00,0.135,0.12,0.105,0.09,0.075,0.06,0.045,0.03,0.015,0.0
2014-08-25 09:00:00,0.135,0.12,0.105,0.09,0.075,0.06,0.045,0.03,0.015,0.0
2014-08-25 09:30:00,0.135,0.12,0.105,0.09,0.075,0.06,0.045,0.03,0.015,0.0
2014-08-25 10:00:00,0.135,0.12,0.105,0.09,0.075,0.06,0.045,0.03,0.015,0.0
2014-08-25 10:30:00,0.135,0.12,0.105,0.09,0.075,0.06,0.045,0.03,0.015,0.0
2014-08-25 11:00:00,0.135,0.12,0.105,0.09,0.075,0.06,0.045,0.03,0.015,0.0
2014-08-25 11:30:00,0.135,0.12,0.105,0.09,0.075,0.06,0.045,0.03,0.015,0.0
2014-08-25 12:00:00,0.135,0.12,0.105,0.09,0.075,0.06,0.045,0.03,0.015,0.0
2014-08-25 12:30:00,0.135,0.12,0.105,0.09,0.075,0.06,0.045,0.03,0.015,0.0
2014-08-25 13:00:00,0.135,0.12,0.105,0.09,0.075,0.06,0.045,0.03,0.015,0.0
2014-08-25 13:30:00,0.135,0.12,0.105,0.09,0.075,0.06,0.045,0.03,0.015,0.0
2014-08-25 14:00:00,0.135,0.12,0.105,0.09,0.075,0.06,0.045,0.03,0.015,0.0
2014-08-25 14:30:00,0.135,0.12,0.105,0.09,0.075,0.06,0.045,0.03,0.015,0.0
2014-08-25 15:00:00,0.135,0.12,0.105,0.09,0.075,0.06,0.045,0.03,0.015,0.0
2014-08-25 15:30:00,0.135,0.12,0.105,0.09,0.075,0.06,0.045,0.03,0.015,0.0
2014-08-25 16:00:00,0.135,0.12,0.105,0.09,0.075,0.06,0.045,0.03,0.015,0.0
2014-08-25 16:30:00,0.135,0.12,0.105,0.09,0.075,0.06,0.045,0.03,0.015,0.0
2014-08-25 17:00:00,0.135,0.12,0.105,0.09,0.075,0.06,0.045,0.03,0.015,0.0
2014-08-25 17:30:00,0.135,0.12,0.105,0.09,0.075,0.06,0.045,0.03,0.015,0.0
2014-08-25 18:00:00,0.135,0.12,0.105,0.09,0.075,0.06,0.045,0.03,0.015,0.0
2014-08-25 18:30:00,0.135,0.12,0.105,0.09,0.075,0.06,0.045,0.03,0.015,0.0
2014-08-25 19:00:00,0.135,0.12,0.105,0.09,0.075,0.06,0.045,0.03,0.015,0.0
2014-08-25 19:30:00,0.135,0.12,0.105,0.09,0.075,0.06,0.045,0.03,0.015,0.0
2014-08-25 20:00:00,0.135,0.12,0.105,0.09,0.075,0.06,0.045,0.03,0.015,0.0
2014-08-25 20:30:00,0.135,0.12,0.105,0.09,0.075,0.06,0.045,0.03,0.015,0.0
2014-08-25 21:00:00,0.135,0.12,0.105,0.09,0.075,0.06,0.045,0.03,0.015,0.0
2014-08-25 21:30:00,0.135,0.12,0.105,0.09,0.075,0.06,0.045,0.03,0.015,0.0
2014-08-25 22:00:00,0.135,0.12,0.105,0.09,0.075,0.06,0.045,0.03,0.015,0.0
2014-08-25 22:30:00,0.135,0.12,0.105,0.09,0.075,0.06,0.045,0.03,0.015,0.0
2014-08-25 23:00:00,0.135,0.12,0.105,0.09,0.075,0.06,0.045,0.03,0.015,0.0
2014-08-25 23:30:00,0.135,0.12,0.105,0.09,0.075,0.06,0.045,0.03,0.015,0.0
2014-08-26 00:00:00,0.135,0.12,0.105,0.09,0.075,0.06,0.045,0.03,0.015,0.0
2014-08-26 00:30:00,0.135,0.12,0.105,0.09,0.075,0.06,0.045,0.03,0.015,0.0
2014-08-26 01:00:00,0.135,0.12,0.105,0.09,0.075,0.06,0.045,0.03,0.015,0.0
2014-08-26 01:30:00,0.135,0.12,0.105,0.09,0.075,0.06,0.045,0.03,0.015,0.0
2014-08-26 02:00:00,0.135,0.12,0.105,0.09,0.075,0.06,0.045,0.03,0.015,0.0
2014-08-26 02:30:00,0.135,0.12,0.105,0.09,0.075,0.06,0.045,0.03,0.015,0.0
2014-08-26 03:00:00,0.135,0.12,0.105,0.09,0.075,0.06,0.045,0.03,0.015,0.0
2014-08-26 03:30:00,0.135,0.12,0.105,0.09,0.075,0.06,0.045,0.03,0.015,0.0
2014-08-26 04:00:00,0.135,0.12,0.105,0.09,0.075,0.06,0.045,0.03,0.015,0.0
2014-08-26 04:30:00,0.135,0.12,0.105,0.09,0.075,0.06,0.045,0.03,0.015,0.0
2014-08-26 05:00:00,0.135,0.12,0.105,0.09,0.075,0.06,0.045,0.03,0.015,0.0
2014-08-26 05:30:00,0.135,0.12,0.105,0.09,0.075,0.06,0.045,0.03,0.015,0.0
2014-08-26 06:00:00,0.135,0.12,0.105,0.09,0.075,0.06,0.045,0.03,0.015,0.0
2014-08-26 06:30:00,0.135,0.12,0.105,0.09,0.075,0.06,0.045,0.03,0.015,0.0
2014-08-26 07:00:00,0.135,0.12,0.105,0.09,0.075,0.06,0.045,0.03,0.015,0.0
2014-08-26 07:30:00,0.135,0.12,0.105,0.09,0.075,0.06,0.045,0.03,0.015,0.0
2014-08-26 08:00:00,0.135,0.12,0.105,0.09,0.075,0.06,0.045,0.03,0.015,0.0
2014-08-26 08:30:00,0.135,0.12,0.105,0.09,0.075,0.06,0.045,0.03,0.015,0.0
2014-08-26 09:00:00,0.135,0.12,0.105,0.09,0.075,0.06,0.045,0.03,0.015,0.0
2014-08-26 09:30:00,0.135,0.12,0.105,0.09,0.075,0.06,0.045,0.03,0.015,0.0
2014-08-26 10:00:00,0.135,0.12,0.105,0.09,0.075,0.06,0.045,0.03,0.015,0.0
2014-08-26 10:30:00,0.135,0.12,0.105,0.09,0.075,0.06,0.045,0.03,0.015,0.0
2014-08-26 11:00:00,0.135,0.12,0.105,0.09,0.075,0.06,0.045,0.03,0.015,0.0
2014-08-26 11:30:00,0.135,0.12,0.105,0.09,0.075,0.06,0.045,0.03,0.015,0.0
2014-08-26 12:00:00,0.135,0.12,0.105,0.09,0.075,0.06,0.045,0.03,0.015,0.0
2014-08-26 12:30:00,0.135,0.12,0.105,0.09,0.075,0.06,0.045,0.03,0.015,0.0
2014-08-26 13:00:00,0.135,0.12,0.105,0.09,0.075,0.06,0.045,0.03,0.015,0.0
2014-08-26 13:30:00,0.135,0.12,0.105,0.09,0.075,0.06,0.045,0.03,0.015,0.0
2014-08-26 14:00:00,0.135,0.12,0.105,0.09,0.075,0.06,0.045,0.03,0.015,0.0
2014-08-26 14:30:00,0.135,0.12,0.105,0.09,0.075,0.06,0.045,0.03,0.015,0.0
2014-08-26 15:00:00,0.135,0.12,0.105,0.09,0.075,0.06,0.045,0.03,0.015,0.0
2014-08-26 15:30:00,0.135,0.12,0.105,0.09,0.075,0.06,0.045,0.03,0.015,0.0
2014-08-26 16:00:00,0.135,0.12,0.105,0.09,0.075,0.06,0.045,0.03,0.015,0.0
2014-08-26 16:30:00,0.135,0.12,0.105,0.09,0.075,0.06,0.045,0.03,0.015,0.0
2014-08-26 17:00:00,0.135,0.12,0.105,0.09,0.075,0.06,0.045,0.03,0.015,0.0
2014-08-26 17:30:00,0.135,0.12,0.105,0.09,0.075,0.06,0.045,0.03,0.015,0.0
2014-08-26 18:00:00,0.135,0.12,0.105,0.09,0.075,0.06,0.045,0.03,0.015,0.0
2014-08-26 18:30:00,0.135,0.12,0.105,0.09,0.075,0.06,0.045,0.03,0.015,0.0
2014-08-26 19:00:00,0.135,0.12,0.105,0.09,0.075,0.06,0.045,0.03,0.015,0.0
2014-08-26 19:30:00,0.135,0.12,0.105,0.09,0.075,0.06,0.045,0.03,0.015,0.0
2014-08-26 20:00:00,0.135,0.12,0.105,0.09,0.075,0.06,0.045,0.03,0.015,0.0
2014-08-26 20:30:00,0.135,0.12,0.105,0.09,0.075,0.06,0.045,0.03,0.015,0.0
2014-08-26 21:00:00,0.135,0.12,0.105,0.09,0.075,0.06,0.045,0.03,0.015,0.0
2014-08-26 21:30:00,0.135,0.12,0.105,0.09,0.075,0.06,0.045,0.03,0.015,0.0
2014-08-26 22:00:00,0.135,0.12,0.105,0.09,0.075,0.06,0.045,0.03,0.015,0.0
2014-08-26 22:30:00,0.135,0.12,0.105,0.09,0.075,0.06,0.045,0.03,0.015,0.0
2014-08-26 23:00:00,0.135,0.12,0.105,0.09,0.075,0.06,0.045,0.03,0.015,0.0
2014-08-26 23:30:00,0.135,0.12,0.105,0.09,0.075,0.06,0.045,0.03,0.015,0.0
2014-08-27 00:00:00,0.135,0.12,0.105,0.09,0.075,0.06,0.045,0.03,0.015,0.0
2014-08-27 00:30:00,0.135,0.12,0.105,0.09,0.075,0.06,0.045,0.03,0.015,0.0
2014-08-27 01:00:00,0.135,0.12,0.105,0.09,0.075,0.06,0.045,0.03,0.015,0.0
2014-08-27 01:30:00,0.135,0.12,0.105,0.09,0.075,0.06,0.045,0.03,0.015,0.0
2014-08-27 02:00:00,0.135,0.12,0.105,0.09,0.075,0.06,0.045,0.03,0.015,0.0
2014-08-27 02:30:00,0.135,0.12,0.105,0.09,0.075,0.06,0.045,0.03,0.015,0.0
2014-08-27 03:00:00,0.135,0.12,0.105,0.09,0.075,0.06,0.045,0.03,0.015,0.0
2014-08-27 03:30:00,0.135,0.12,0.105,0.09,0.075,0.06,0.045,0.03,0.015,0.0
2014-08-27 04:00:00,0.135,0.12,0.105,0.09,0.075,0.06,0.045,0.03,0.015,0.0
2014-08-27 04:30:00,0.135,0.12,0.105,0.09,0.075,0.06,0.045,0.03,0.015,0.0
2014-08-27 05:00:00,0.135,0.12,0.105,0.09,0.075,0.06,0.045,0.03,0.015,0.0
2014-08-27 05:30:00,0.135,0.12,0.105,0.09,0.075,0.06,0.045,0.03,0.015,0.0
2014-08-27 06:00:00,0.135,0.12,0.105,0.09,0.075,0.06,0.045,0.03,0.015,0.0
2014-08-27 06:30:00,0.135,0.12,0.105,0.09,0.075,0.06,0.045,0.03,0.015,0.0
2014-08-27 07:00:00,0.135,0.12,0.105,0.09,0.075,0.06,0.045,0.03,0.015,0.0
2014-08-27 07:30:00,0.135,0.12,0.105,0.09,0.075,0.06,0.045,0.03,0.015,0.0
2014-08-27 08:00:00,0.135,0.12,0.105,0.09,0.075,0.06,0.045,0.03,0.015,0.0
2014-08-27 08:30:00,0.135,0.12,0.105,0.09,0.075,0.06,0.045,0.03,0.015,0.0
2014-08-27 09:00:00,0.135,0.12,0.105,0.09,0.075,0.06,0.045,0.03,0.015,0.0
2014-08-27 09:30:00,0.135,0.12,0.105,0.09,0.075,0.06,0.045,0.03,0.015,0.0
2014-08-27 10:00:00,0.135,0.12,0.105,0.09,0.075,0.06,0.045,0.03,0.015,0.0
2014-08-27 10:30:00,0.135,0.12,0.105,0.09,0.075,0.06,0.045,0.03,0.015,0.0
2014-08-27 11:00:00,0.135,0.12,0.105,0.09,0.075,0.06,0.045,0.03,0.015,0.0
2014-08-27 11:30:00,0.135,0.12,0.105,0.09,0.075,0.06,0.045,0.03,0.015,0.0
2014-08-27 12:00:00,0.135,0.12,0.105,0.09,0.075,0.06,0.045,0.03,0.015,0.0
2014-08-27 12:30:00,0.135,0.12,0.105,0.09,0.075,0.06,0.045,0.03,0.015,0.0
2014-08-27 13:00:00,0.135,0.12,0.105,0.09,0.075,0.06,0.045,0.03,0.015,0.0
2014-08-27 13:30:00,0.135,0.12,0.105,0.09,0.075,0.06,0.045,0.03,0.015,0.0
2014-08-27 14:00:00,0.135,0.12,0.105,0.09,0.075,0.06,0.045,0.03,0.015,0.0
2014-08-27 14:30:00,0.135,0.12,0.105,0.09,0.075,0.06,0.045,0.03,0.015,0.0
2014-08-27 15:00:00,0.135,0.12,0.105,0.09,0.075,0.06,0.045,0.03,0.015,0.0
2014-08-27 15:30:00,0.135,0.12,0.105,0.09,0.075,0.06,0.045,0.03,0.015,0.0
2014-08-27 16:00:00,0.135,0.12,0.105,0.09,0.075,0.06,0.045,0.03,0.015,0.0
2014-08-27 16:30:00,0.135,0.12,0.105,0.09,0.075,0.06,0.045,0.03,0.015,0.0
2014-08-27 17:00:00,0.135,0.12,0.105,0.09,0.075,0.06,0.045,0.03,0.015,0.0
2014-08-27 17:30:00,0.135,0.12,0.105,0.09,0.075,0.06,0.045,0.03,0.015,0.0
2014-08-27 18:00:00,0.135,0.12,0.105,0.09,0.075,0.06,0.045,0.03,0.015,0.0
2014-08-27 18:30:00,0.135,0.12,0.105,0.09,0.075,0.06,0.045,0.03,0.015,0.0
2014-08-27 19:00:00,0.135,0.12,0.105,0.09,0.075,0.06,0.045,0.03,0.015,0.0
2014-08-27 19:30:00,0.135,0.12,0.105,0.09,0.075,0.06,0.045,0.03,0.015,0.0
2014-08-27 20:00:00,0.135,0.12,0.105,0.09,0.075,0.06,0.045,0.03,0.015,0.0
2014-08-27 20:30:00,0.135,0.12,0.105,0.09,0.075,0.06,0.045,0.03,0.015,0.0
2014-08-27 21:00:00,0.135,0.12,0.105,0.09,0.075,0.06,0.045,0.03,0.015,0.0
2014-08-27 21:30:00,0.135,0.12,0.105,0.09,0.075,0.06,0.045,0.03,0.015,0.0
2014-08-27 22:00:00,0.135,0.12,0.105,0.09,0.075,0.06,0.045,0.03,0.015,0.0
2014-08-27 22:30:00,0.135,0.12,0.105,0.09,0.075,0.06,0.045,0.03,0.015,0.0
2014-08-27 23:00:00,0.135,0.12,0.105,0.09,0.075,0.06,0.045,0.03,0.015,0.0
2014-08-27 23:30:00,0.135,0.12,0.105,0.09,0.075,0.06,0.045,0.03,0.015,0.0
2014-08-28 00:00:00,0.135,0.12,0.105,0.09,0.075,0.06,0.045,0.03,0.015,0.0
2014-08-28 00:30:00,0.135,0.12,0.105,0.09,0.075,0.06,0.045,0.03,0.015,0.0
2014-08-28 01:00:00,0.135,0.12,0.105,0.09,0.075,0.06,0.045,0.03,0.015,0.0
2014-08-28 01:30:00,0.135,0.12,0.105,0.09,0.075,0.06,0.045,0.03,0.015,0.0
2014-08-28 02:00:00,0.135,0.12,0.105,0.09,0.075,0.06,0.045,0.03,0.015,0.0
2014-08-28 02:30:00,0.135,0.12,0.105,0.09,0.075,0.06,0.045,0.03,0.015,0.0
2014-08-28 03:00:00,0.135,0.12,0.105,0.09,0.075,0.06,0.045,0.03,0.015,0.0
2014-08-28 03:30:00,0.135,0.12,0.105,0.09,0.075,0.06,0.045,0.03,0.015,0.0
2014-08-28 04:00:00,0.135,0.12,0.105,0.09,0.075,0.06,0.045,0.03,0.015,0.0
2014-08-28 04:30:00,0.135,0.12,0.105,0.09,0.075,0.06,0.045,0.03,0.015,0.0
2014-08-28 05:00:00,0.135,0.12,0.105,0.09,0.075,0.06,0.045,0.03,0.015,0.0
2014-08-28 05:30:00,0.135,0.12,0.105,0.09,0.075,0.06,0.045,0.03,0.015,0.0
2014-08-28 06:00:00,0.135,0.12,0.105,0.09,0.075,0.06,0.045,0.03,0.015,0.0
2014-08-28 06:30:00,0.135,0.12,0.105,0.09,0.075,0.06,0.045,0.03,0.015,0.0
2014-08-28 07:00:00,0.135,0.12,0.105,0.09,0.075,0.06,0.045,0.03,0.015,0.0
2014-08-28 07:30:00,0.135,0.12,0.105,0.09,0.075,0.06,0.045,0.03,0.015,0.0
2014-08-28 08:00:00,0.135,0.12,0.105,0.09,0.075,0.06,0.045,0.03,0.015,0.0
2014-08-28 08:30:00,0.135,0.12,0.105,0.09,0.075,0.06,0.045,0.03,0.015,0.0
2014-08-28 09:00:00,0.135,0.12,0.105,0.09,0.075,0.06,0.045,0.03,0.015,0.0
2014-08-28 09:30:00,0.135,0.12,0.105,0.09,0.075,0.06,0.045,0.03,0.015,0.0
2014-08-28 10:00:00,0.135,0.12,0.105,0.09,0.075,0.06,0.045,0.03,0.015,0.0
2014-08-28 10:30:00,0.135,0.12,0.105,0.09,0.075,0.06,0.045,0.03,0.015,0.0
2014-08-28 11:00:00,0.135,0.12,0.105,0.09,0.075,0.06,0.045,0.03,0.015,0.0
2014-08-28 11:30:00,0.135,0.12,0.105,0.09,0.075,0.06,0.045,0.03,0.015,0.0
2014-08-28 12:00:00,0.135,0.12,0.105,0.09,0.075,0.06,0.045,0.03,0.015,0.0
2014-08-28 12:30:00,0.135,0.12,0.105,0.09,0.075,0.06,0.045,0.03,0.015,0.0
2014-08-28 13:00:00,0.135,0.12,0.105,0.09,0.075,0.06,0.045,0.03,0.015,0.0
2014-08-28 13:30:00,0.135,0.12,0.105,0.09,0.075,0.06,0.045,0.03,0.015,0.0
2014-08-28 14:00:00,0.135,0.12,0.105,0.09,0.075,0.06,0.045,0.03,0.015,0.0
2014-08-28 14:30:00,0.135,0.12,0.105,0.09,0.075,0.06,0.045,0.03,0.015,0.0
2014-08-28 15:00:00,0.135,0.12,0.105,0.09,0.075,0.06,0.045,0.03,0.015,0.0
2014-08-28 15:30:00,0.135,0.12,0.105,0.09,0.075,0.06,0.045,0.03,0.015,0.0
2014-08-28 16:00:00,0.135,0.12,0.105,0.09,0.075,0.06,0.045,0.03,0.015,0.0
2014-08-28 16:30:00,0.135,0.12,0.105,0.09,0.075,0.06,0.045,0.03,0.015,0.0
2014-08-28 17:00:00,0.135,0.12,0.105,0.09,0.075,0.06,0.045,0.03,0.015,0.0
2014-08-28 17:30:00,0.135,0.12,0.105,0.09,0.075,0.06,0.045,0.03,0.015,0.0
2014-08-28 18:00:00,0.135,0.12,0.105,0.09,0.075,0.06,0.045,0.03,0.015,0.0
2014-08-28 18:30:00,0.135,0.12,0.105,0.09,0.075,0.06,0.045,0.03,0.015,0.0
2014-08-28 19:00:00,0.135,0.12,0.105,0.09,0.075,0.06,0.045,0.03,0.015,0.0
2014-08-28 19:30:00,0.135,0.12,0.105,0.09,0.075,0.06,0.045,0.03,0.015,0.0
2014-08-28 20:00:00,0.135,0.12,0.105,0.09,0.075,0.06,0.045,0.03,0.015,0.0
2014-08-28 20:30:00,0.135,0.12,0.105,0.09,0.075,0.06,0.045,0.03,0.015,0.0
2014-08-28 21:00:00,0.135,0.12,0.105,0.09,0.075,0.06,0.045,0.03,0.015,0.0
2014-08-28 21:30:00,0.135,0.12,0.105,0.09,0.075,0.06,0.045,0.03,0.015,0.0
2014-08-28 22:00:00,0.135,0.12,0.105,0.09,0.075,0.06,0.045,0.03,0.015,0.0
2014-08-28 22:30:00,0.135,0.12,0.105,0.09,0.075,0.06,0.045,0.03,0.015,0.0
2014-08-28 23:00:00,0.135,0.12,0.105,0.09,0.075,0.06,0.045,0.03,0.015,0.0
2014-08-28 23:30:00,0.135,0.12,0.105,0.09,0.075,0.06,0.045,0.03,0.015,0.0
2014-08-29 00:00:00,0.135,0.12,0.105,0.09,0.075,0.06,0.045,0.03,0.015,0.0
2014-08-29 00:30:00,0.135,0.12,0.105,0.09,0.075,0.06,0.045,0.03,0.015,0.0
2014-08-29 01:00:00,0.135,0.12,0.105,0.09,0.075,0.06,0.045,0.03,0.015,0.0
2014-08-29 01:30:00,0.135,0.12,0.105,0.09,0.075,0.06,0.045,0.03,0.015,0.0
2014-08-29 02:00:00,0.135,0.12,0.105,0.09,0.075,0.06,0.045,0.03,0.015,0.0
2014-08-29 02:30:00,0.135,0.12,0.105,0.09,0.075,0.06,0.045,0.03,0.015,0.0
2014-08-29 03:00:00,0.135,0.12,0.105,0.09,0.075,0.06,0.045,0.03,0.015,0.0
2014-08-29 03:30:00,0.135,0.12,0.105,0.09,0.075,0.06,0.045,0.03,0.015,0.0
2014-08-29 04:00:00,0.135,0.12,0.105,0.09,0.075,0.06,0.045,0.03,0.015,0.0
2014-08-29 04:30:00,0.135,0.12,0.105,0.09,0.075,0.06,0.045,0.03,0.015,0.0
2014-08-29 05:00:00,0.135,0.12,0.105,0.09,0.075,0.06,0.045,0.03,0.015,0.0
2014-08-29 05:30:00,0.135,0.12,0.105,0.09,0.075,0.06,0.045,0.03,0.015,0.0
2014-08-29 06:00:00,0.135,0.12,0.105,0.09,0.075,0.06,0.045,0.03,0.015,0.0
2014-08-29 06:30:00,0.135,0.12,0.105,0.09,0.075,0.06,0.045,0.03,0.015,0.0
2014-08-29 07:00:00,0.135,0.12,0.105,0.09,0.075,0.06,0.045,0.03,0.015,0.0
2014-08-29 07:30:00,0.135,0.12,0.105,0.09,0.075,0.06,0.045,0.03,0.015,0.0
2014-08-29 08:00:00,0.135,0.12,0.105,0.09,0.075,0.06,0.045,0.03,0.015,0.0
2014-08-29 08:30:00,0.135,0.12,0.105,0.09,0.075,0.06,0.045,0.03,0.015,0.0
2014-08-29 09:00:00,0.135,0.12,0.105,0.09,0.075,0.06,0.045,0.03,0.015,0.0
2014-08-29 09:30:00,0.135,0.12,0.105,0.09,0.075,0.06,0.045,0.03,0.015,0.0
2014-08-29 10:00:00,0.135,0.12,0.105,0.09,0.075,0.06,0.045,0.03,0.015,0.0
2014-08-29 10:30:00,0.135,0.12,0.105,0.09,0.075,0.06,0.045,0.03,0.015,0.0
2014-08-29 11:00:00,0.135,0.12,0.105,0.09,0.075,0.06,0.045,0.03,0.015,0.0
2014-08-29 11:30:00,0.135,0.12,0.105,0.09,0.075,0.06,0.045,0.03,0.015,0.0
2014-08-29 12:00:00,0.135,0.12,0.105,0.09,0.075,0.06,0.045,0.03,0.015,0.0
2014-08-29 12:30:00,0.135,0.12,0.105,0.09,0.075,0.06,0.045,0.03,0.015,0.0
2014-08-29 13:00:00,0.135,0.12,0.105,0.09,0.075,0.06,0.045,0.03,0.015,0.0
2014-08-29 13:30:00,0.135,0.12,0.105,0.09,0.075,0.06,0.045,0.03,0.015,0.0
2014-08-29 14:00:00,0.135,0.12,0.105,0.09,0.075,0.06,0.045,0.03,0.015,0.0
2014-08-29 14:30:00,0.135,0.12,0.105,0.09,0.075,0.06,0.045,0.03,0.015,0.0
2014-08-29 15:00:00,0.135,0.12,0.105,0.09,0.075,0.06,0.045,0.03,0.015,0.0
2014-08-29 15:30:00,0.135,0.12,0.105,0.09,0.075,0.06,0.045,0.03,0.015,0.0
2014-08-29 16:00:00,0.135,0.12,0.105,0.09,0.075,0.06,0.045,0.03,0.015,0.0
2014-08-29 16:30:00,0.135,0.12,0.105,0.09,0.075,0.06,0.045,0.03,0.015,0.0
2014-08-29 17:00:00,0.135,0.12,0.105,0.09,0.075,0.06,0.045,0.03,0.015,0.0
2014-08-29 17:30:00,0.135,0.12,0.105,0.09,0.075,0.06,0.045,0.03,0.015,0.0
2014-08-29 18:00:00,0.135,0.12,0.105,0.09,0.075,0.06,0.045,0.03,0.015,0.0
2014-08-29 18:30:00,0.135,0.12,0.105,0.09,0.075,0.06,0.045,0.03,0.015,0.0
2014-08-29 19:00:00,0.135,0.12,0.105,0.09,0.075,0.06,0.045,0.03,0.015,0.0
2014-08-29 19:30:00,0.135,0.12,0.105,0.09,0.075,0.06,0.045,0.03,0.015,0.0
2014-08-29 20:00:00,0.135,0.12,0.105,0.09,0.075,0.06,0.045,0.03,0.015,0.0
2014-08-29 20:30:00,0.135,0.12,0.105,0.09,0.075,0.06,0.045,0.03,0.015,0.0
2014-08-29 21:00:00,0.135,0.12,0.105,0.09,0.075,0.06,0.045,0.03,0.015,0.0
2014-08-29 21:30:00,0.135,0.12,0.105,0.09,0.075,0.06,0.045,0.03,0.015,0.0
2014-08-29 22:00:00,0.135,0.12,0.105,0.09,0.075,0.06,0.045,0.03,0.015,0.0
2014-08-29 22:30:00,0.135,0.12,0.105,0.09,0.075,0.06,0.045,0.03,0.015,0.0
2014-08-29 23:00:00,0.135,0.12,0.105,0.09,0.075,0.06,0.045,0.03,0.015,0.0
2014-08-29 23:30:00,0.135,0.12,0.105,0.09,0.075,0.06,0.045,0.03,0.015,0.0
2014-08-30 00:00:00,0.135,0.12,0.105,0.09,0.075,0.06,0.045,0.03,0.015,0.0
2014-08-30 00:30:00,0.135,0.12,0.105,0.09,0.075,0.06,0.045,0.03,0.015,0.0
2014-08-30 01:00:00,0.135,0.12,0.105,0.09,0.075,0.06,0.045,0.03,0.015,0.0
2014-08-30 01:30:00,0.135,0.12,0.105,0.09,0.075,0.06,0.045,0.03,0.015,0.0
2014-08-30 02:00:00,0.135,0.12,0.105,0.09,0.075,0.06,0.045,0.03,0.015,0.0
2014-08-30 02:30:00,0.135,0.12,0.105,0.09,0.075,0.06,0.045,0.03,0.015,0.0
2014-08-30 03:00:00,0.135,0.12,0.105,0.09,0.075,0.06,0.045,0.03,0.015,0.0
2014-08-30 03:30:00,0.135,0.12,0.105,0.09,0.075,0.06,0.045,0.03,0.015,0.0
2014-08-30 04:00:00,0.135,0.12,0.105,0.09,0.075,0.06,0.045,0.03,0.015,0.0
2014-08-30 04:30:00,0.135,0.12,0.105,0.09,0.075,0.06,0.045,0.03,0.015,0.0
2014-08-30 05:00:00,0.135,0.12,0.105,0.09,0.075,0.06,0.045,0.03,0.015,0.0
2014-08-30 05:30:00,0.135,0.12,0.105,0.09,0.075,0.06,0.045,0.03,0.015,0.0
2014-08-30 06:00:00,0.135,0.12,0.105,0.09,0.075,0.06,0.045,0.03,0.015,0.0
2014-08-30 06:30:00,0.135,0.12,0.105,0.09,0.075,0.06,0.045,0.03,0.015,0.0
2014-08-30 07:00:00,0.135,0.12,0.105,0.09,0.075,0.06,0.045,0.03,0.015,0.0
2014-08-30 07:30:00,0.135,0.12,0.105,0.09,0.075,0.06,0.045,0.03,0.015,0.0
2014-08-30 08:00:00,0.135,0.12,0.105,0.09,0.075,0.06,0.045,0.03,0.015,0.0
2014-08-30 08:30:00,0.135,0.12,0.105,0.09,0.075,0.06,0.045,0.03,0.015,0.0
2014-08-30 09:00:00,0.135,0.12,0.105,0.09,0.075,0.06,0.045,0.03,0.015,0.0
2014-08-30 09:30:00,0.135,0.12,0.105,0.09,0.075,0.06,0.045,0.03,0.015,0.0
2014-08-30 10:00:00,0.135,0.12,0.105,0.09,0.075,0.06,0.045,0.03,0.015,0.0
2014-08-30 10:30:00,0.135,0.12,0.105,0.09,0.075,0.06,0.045,0.03,0.015,0.0
2014-08-30 11:00:00,0.135,0.12,0.105,0.09,0.075,0.06,0.045,0.03,0.015,0.0
2014-08-30 11:30:00,0.135,0.12,0.105,0.09,0.075,0.06,0.045,0.03,0.015,0.0
2014-08-30 12:00:00,0.135,0.12,0.105,0.09,0.075,0.06,0.045,0.03,0.015,0.0
2014-08-30 12:30:00,0.135,0.12,0.105,0.09,0.075,0.06,0.045,0.03,0.015,0.0
2014-08-30 13:00:00,0.135,0.12,0.105,0.09,0.075,0.06,0.045,0.03,0.015,0.0
2014-08-30 13:30:00,0.135,0.12,0.105,0.09,0.075,0.06,0.045,0.03,0.015,0.0
2014-08-30 14:00:00,0.135,0.12,0.105,0.09,0.075,0.06,0.045,0.03,0.015,0.0
2014-08-30 14:30:00,0.135,0.12,0.105,0.09,0.075,0.06,0.045,0.03,0.015,0.0
2014-08-30 15:00:00,0.135,0.12,0.105,0.09,0.075,0.06,0.045,0.03,0.015,0.0
2014-08-30 15:30:00,0.135,0.12,0.105,0.09,0.075,0.06,0.045,0.03,0.015,0.0
2014-08-30 16:00:00,0.135,0.12,0.105,0.09,0.075,0.06,0.045,0.03,0.015,0.0
2014-08-30 16:30:00,0.135,0.12,0.105,0.09,0.075,0.06,0.045,0.03,0.015,0.0
2014-08-30 17:00:00,0.135,0.12,0.105,0.09,0.075,0.06,0.045,0.03,0.015,0.0
2014-08-30 17:30:00,0.135,0.12,0.105,0.09,0.075,0.06,0.045,0.03,0.015,0.0
2014-08-30 18:00:00,0.135,0.12,0.105,0.09,0.075,0.06,0.045,0.03,0.015,0.0
2014-08-30 18:30:00,0.135,0.12,0.105,0.09,0.075,0.06,0.045,0.03,0.015,0.0
2014-08-30 19:00:00,0.135,0.12,0.105,0.09,0.075,0.06,0.045,0.03,0.015,0.0
2014-08-30 19:30:00,0.135,0.12,0.105,0.09,0.075,0.06,0.045,0.03,0.015,0.0
2014-08-30 20:00:00,0.135,0.12,0.105,0.09,0.075,0.06,0.045,0.03,0.015,0.0
2014-08-30 20:30:00,0.135,0.12,0.105,0.09,0.075,0.06,0.045,0.03,0.015,0.0
2014-08-30 21:00:00,0.135,0.12,0.105,0.09,0.075,0.06,0.045,0.03,0.015,0.0
2014-08-30 21:30:00,0.135,0.12,0.105,0.09,0.075,0.06,0.045,0.03,0.015,0.0
2014-08-30 22:00:00,0.135,0.12,0.105,0.09,0.075,0.06,0.045,0.03,0.015,0.0
2014-08-30 22:30:00,0.135,0.12,0.105,0.09,0.075,0.06,0.045,0.03,0.015,0.0
2014-08-30 23:00:00,0.135,0.12,0.105,0.09,0.075,0.06,0.045,0.03,0.015,0.0
2014-08-30 23:30:00,0.135,0.12,0.105,0.09,0.075,0.06,0.045,0.03,0.015,0.0
2014-08-31 00:00:00,0.135,0.12,0.105,0.09,0.075,0.06,0.045,0.03,0.015,0.0
2014-08-31 00:30:00,0.135,0.12,0.105,0.09,0.075,0.06,0.045,0.03,0.015,0.0
2014-08-31 01:00:00,0.135,0.12,0.105,0.09,0.075,0.06,0.045,0.03,0.015,0.0
2014-08-31 01:30:00,0.135,0.12,0.105,0.09,0.075,0.06,0.045,0.03,0.015,0.0
2014-08-31 02:00:00,0.135,0.12,0.105,0.09,0.075,0.06,0.045,0.03,0.015,0.0
2014-08-31 02:30:00,0.135,0.12,0.105,0.09,0.075,0.06,0.045,0.03,0.015,0.0
2014-08-31 03:00:00,0.135,0.12,0.105,0.09,0.075,0.06,0.045,0.03,0.015,0.0
2014-08-31 03:30:00,0.135,0.12,0.105,0.09,0.075,0.06,0.045,0.03,0.015,0.0
2014-08-31 04:00:00,0.135,0.12,0.105,0.09,0.075,0.06,0.045,0.03,0.015,0.0
2014-08-31 04:30:00,0.135,0.12,0.105,0.09,0.075,0.06,0.045,0.03,0.015,0.0
2014-08-31 05:00:00,0.135,0.12,0.105,0.09,0.075,0.06,0.045,0.03,0.015,0.0
2014-08-31 05:30:00,0.135,0.12,0.105,0.09,0.075,0.06,0.045,0.03,0.015,0.0
2014-08-31 06:00:00,0.135,0.12,0.105,0.09,0.075,0.06,0.045,0.03,0.015,0.0
2014-08-31 06:30:00,0.135,0.12,0.105,0.09,0.075,0.06,0.045,0.03,0.015,0.0
2014-08-31 07:00:00,0.135,0.12,0.105,0.09,0.075,0.06,0.045,0.03,0.015,0.0
2014-08-31 07:30:00,0.135,0.12,0.105,0.09,0.075,0.06,0.045,0.03,0.015,0.0
2014-08-31 08:00:00,0.135,0.12,0.105,0.09,0.075,0.06,0.045,0.03,0.015,0.0
2014-08-31 08:30:00,0.135,0.12,0.105,0.09,0.075,0.06,0.045,0.03,0.015,0.0
2014-08-31 09:00:00,0.135,0.12,0.105,0.09,0.075,0.06,0.045,0.03,0.015,0.0
2014-08-31 09:30:00,0.135,0.12,0.105,0.09,0.075,0.06,0.045,0.03,0.015,0.0
2014-08-31 10:00:00,0.135,0.12,0.105,0.09,0.075,0.06,0.045,0.03,0.015,0.0
2014-08-31 10:30:00,0.135,0.12,0.105,0.09,0.075,0.06,0.045,0.03,0.015,0.0
2014-08-31 11:00:00,0.135,0.12,0.105,0.09,0.075,0.06,0.045,0.03,0.015,0.0
2014-08-31 11:30:00,0.135,0.12,0.105,0.09,0.075,0.06,0.045,0.03,0.015,0.0
2014-08-31 12:00:00,0.135,0.12,0.105,0.09,0.075,0.06,0.045,0.03,0.015,0.0
2014-08-31 12:30:00,0.135,0.12,0.105,0.09,0.075,0.06,0.045,0.03,0.015,0.0
2014-08-31 13:00:00,0.135,0.12,0.105,0.09,0.075,0.06,0.045,0.03,0.015,0.0
2014-08-31 13:30:00,0.135,0.12,0.105,0.09,0.075,0.06,0.045,0.03,0.015,0.0
2014-08-31 14:00:00,0.135,0.12,0.105,0.09,0.075,0.06,0.045,0.03,0.015,0.0
2014-08-31 14:30:00,0.135,0.12,0.105,0.09,0.075,0.06,0.045,0.03,0.015,0.0
2014-08-31 15:00:00,0.135,0.12,0.105,0.09,0.075,0.06,0.045,0.03,0.015,0.0
2014-08-31 15:30:00,0.135,0.12,0.105,0.09,0.075,0.06,0.045,0.03,0.015,0.0
2014-08-31 16:00:00,0.135,0.12,0.105,0.09,0.075,0.06,0.045,0.03,0.015,0.0
2014-08-31 16:30:00,0.135,0.12,0.105,0.09,0.075,0.06,0.045,0.03,0.015,0.0
2014-08-31 17:00:00,0.135,0.12,0.105,0.09,0.075,0.06,0.045,0.03,0.015,0.0
2014-08-31 17:30:00,0.135,0.12,0.105,0.09,0.075,0.06,0.045,0.03,0.015,0.0
2014-08-31 18:00:00,0.135,0.12,0.105,0.09,0.075,0.06,0.045,0.03,0.015,0.0
2014-08-31 18:30:00,0.135,0.12,0.105,0.09,0.075,0.06,0.045,0.03,0.015,0.0
2014-08-31 19:00:00,0.135,0.12,0.105,0.09,0.075,0.06,0.045,0.03,0.015,0.0
2014-08-31 19:30:00,0.135,0.12,0.105,0.09,0.075,0.06,0.045,0.03,0.015,0.0
2014-08-31 20:00:00,0.135,0.12,0.105,0.09,0.075,0.06,0.045,0.03,0.015,0.0
2014-08-31 20:30:00,0.135,0.12,0.105,0.09,0.075,0.06,0.045,0.03,0.015,0.0
2014-08-31 21:00:00,0.135,0.12,0.105,0.09,0.075,0.06,0.045,0.03,0.015,0.0
2014-08-31 21:30:00,0.135,0.12,0.105,0.09,0.075,0.06,0.045,0.03,0.015,0.0
2014-08-31 22:00:00,0.135,0.12,0.105,0.09,0.075,0.06,0.045,0.03,0.015,0.0
2014-08-31 22:30:00,0.135,0.12,0.105,0.09,0.075,0.06,0.045,0.03,0.015,0.0
2014-08-31 23:00:00,0.135,0.12,0.105,0.09,0.075,0.06,0.045,0.03,0.015,0.0
2014-08-31 23:30:00,0.135,0.12,0.105,0.09,0.075,0.06,0.045,0.03,0.015,0.0
2014-09-01 00:00:00,0.135,0.12,0.105,0.09,0.075,0.06,0.045,0.03,0.015,0.0
2014-09-01 00:30:00,0.135,0.12,0.105,0.09,0.075,0.06,0.045,0.03,0.015,0.0
2014-09-01 01:00:00,0.135,0.12,0.105,0.09,0.075,0.06,0.045,0.03,0.015,0.0
2014-09-01 01:30:00,0.135,0.12,0.105,0.09,0.075,0.06,0.045,0.03,0.015,0.0
2014-09-01 02:00:00,0.135,0.12,0.105,0.09,0.075,0.06,0.045,0.03,0.015,0.0
2014-09-01 02:30:00,0.135,0.12,0.105,0.09,0.075,0.06,0.045,0.03,0.015,0.0
2014-09-01 03:00:00,0.135,0.12,0.105,0.09,0.075,0.06,0.045,0.03,0.015,0.0
2014-09-01 03:30:00,0.135,0.12,0.105,0.09,0.075,0.06,0.045,0.03,0.015,0.0
2014-09-01 04:00:00,0.135,0.12,0.105,0.09,0.075,0.06,0.045,0.03,0.015,0.0
2014-09-01 04:30:00,0.135,0.12,0.105,0.09,0.075,0.06,0.045,0.03,0.015,0.0
2014-09-01 05:00:00,0.135,0.12,0.105,0.09,0.075,0.06,0.045,0.03,0.015,0.0
2014-09-01 05:30:00,0.135,0.12,0.105,0.09,0.075,0.06,0.045,0.03,0.015,0.0
2014-09-01 06:00:00,0.135,0.12,0.105,0.09,0.075,0.06,0.045,0.03,0.015,0.0
2014-09-01 06:30:00,0.135,0.12,0.105,0.09,0.075,0.06,0.045,0.03,0.015,0.0
2014-09-01 07:00:00,0.135,0.12,0.105,0.09,0.075,0.06,0.045,0.03,0.015,0.0
2014-09-01 07:30:00,0.135,0.12,0.105,0.09,0.075,0.06,0.045,0.03,0.015,0.0
2014-09-01 08:00:00,0.135,0.12,0.105,0.09,0.075,0.06,0.045,0.03,0.015,0.0
2014-09-01 08:30:00,0.135,0.12,0.105,0.09,0.075,0.06,0.045,0.03,0.015,0.0
2014-09-01 09:00:00,0.135,0.12,0.105,0.09,0.075,0.06,0.045,0.03,0.015,0.0
2014-09-01 09:30:00,0.135,0.12,0.105,0.09,0.075,0.06,0.045,0.03,0.015,0.0
2014-09-01 10:00:00,0.135,0.12,0.105,0.09,0.075,0.06,0.045,0.03,0.015,0.0
2014-09-01 10:30:00,0.135,0.12,0.105,0.09,0.075,0.06,0.045,0.03,0.015,0.0
2014-09-01 11:00:00,0.135,0.12,0.105,0.09,0.075,0.06,0.045,0.03,0.015,0.0
2014-09-01 11:30:00,0.135,0.12,0.105,0.09,0.075,0.06,0.045,0.03,0.015,0.0
2014-09-01 12:00:00,0.135,0.12,0.105,0.09,0.075,0.06,0.045,0.03,0.015,0.0
2014-09-01 12:30:00,0.135,0.12,0.105,0.09,0.075,0.06,0.045,0.03,0.015,0.0
2014-09-01 13:00:00,0.135,0.12,0.105,0.09,0.075,0.06,0.045,0.03,0.015,0.0
2014-09-01 13:30:00,0.135,0.12,0.105,0.09,0.075,0.06,0.045,0.03,0.015,0.0
2014-09-01 14:00:00,0.135,0.12,0.105,0.09,0.075,0.06,0.045,0.03,0.015,0.0
2014-09-01 14:30:00,0.135,0.12,0.105,0.09,0.075,0.06,0.045,0.03,0.015,0.0
2014-09-01 15:00:00,0.135,0.12,0.105,0.09,0.075,0.06,0.045,0.03,0.015,0.0
2014-09-01 15:30:00,0.135,0.12,0.105,0.09,0.075,0.06,0.045,0.03,0.015,0.0
2014-09-01 16:00:00,0.135,0.12,0.105,0.09,0.075,0.06,0.045,0.03,0.015,0.0
2014-09-01 16:30:00,0.135,0.12,0.105,0.09,0.075,0.06,0.045,0.03,0.015,0.0
2014-09-01 17:00:00,0.135,0.12,0.105,0.09,0.075,0.06,0.045,0.03,0.015,0.0
2014-09-01 17:30:00,0.135,0.12,0.105,0.09,0.075,0.06,0.045,0.03,0.015,0.0
2014-09-01 18:00:00,0.135,0.12,0.105,0.09,0.075,0.06,0.045,0.03,0.015,0.0
2014-09-01 18:30:00,0.135,0.12,0.105,0.09,0.075,0.06,0.045,0.03,0.015,0.0
2014-09-01 19:00:00,0.135,0.12,0.105,0.09,0.075,0.06,0.045,0.03,0.015,0.0
2014-09-01 19:30:00,0.135,0.12,0.105,0.09,0.075,0.06,0.045,0.03,0.015,0.0
2014-09-01 20:00:00,0.135,0.12,0.105,0.09,0.075,0.06,0.045,0.03,0.015,0.0
2014-09-01 20:30:00,0.135,0.12,0.105,0.09,0.075,0.06,0.045,0.03,0.015,0.0
2014-09-01 21:00:00,0.135,0.12,0.105,0.09,0.075,0.06,0.045,0.03,0.015,0.0
2014-09-01 21:30:00,0.135,0.12,0.105,0.09,0.075,0.06,0.045,0.03,0.015,0.0
2014-09-01 22:00:00,0.135,0.12,0.105,0.09,0.075,0.06,0.045,0.03,0.015,0.0
2014-09-01 22:30:00,0.135,0.12,0.105,0.09,0.075,0.06,0.045,0.03,0.015,0.0
2014-09-01 23:00:00,0.135,0.12,0.105,0.09,0.075,0.06,0.045,0.03,0.015,0.0
2014-09-01 23:30:00,0.135,0.12,0.105,0.09,0.075,0.06,0.045,0.03,0.015,0.0
2014-09-02 00:00:00,0.135,0.12,0.105,0.09,0.075,0.06,0.045,0.03,0.015,0.0
2014-09-02 00:30:00,0.135,0.12,0.105,0.09,0.075,0.06,0.045,0.03,0.015,0.0
2014-09-02 01:00:00,0.135,0.12,0.105,0.09,0.075,0.06,0.045,0.03,0.015,0.0
2014-09-02 01:30:00,0.135,0.12,0.105,0.09,0.075,0.06,0.045,0.03,0.015,0.0
2014-09-02 02:00:00,0.135,0.12,0.105,0.09,0.075,0.06,0.045,0.03,0.015,0.0
2014-09-02 02:30:00,0.135,0.12,0.105,0.09,0.075,0.06,0.045,0.03,0.015,0.0
2014-09-02 03:00:00,0.135,0.12,0.105,0.09,0.075,0.06,0.045,0.03,0.015,0.0
2014-09-02 03:30:00,0.135,0.12,0.105,0.09,0.075,0.06,0.045,0.03,0.015,0.0
2014-09-02 04:00:00,0.135,0.12,0.105,0.09,0.075,0.06,0.045,0.03,0.015,0.0
2014-09-02 04:30:00,0.135,0.12,0.105,0.09,0.075,0.06,0.045,0.03,0.015,0.0
2014-09-02 05:00:00,0.135,0.12,0.105,0.09,0.075,0.06,0.045,0.03,0.015,0.0
2014-09-02 05:30:00,0.135,0.12,0.105,0.09,0.075,0.06,0.045,0.03,0.015,0.0
2014-09-02 06:00:00,0.135,0.12,0.105,0.09,0.075,0.06,0.045,0.03,0.015,0.0
2014-09-02 06:30:00,0.135,0.12,0.105,0.09,0.075,0.06,0.045,0.03,0.015,0.0
2014-09-02 07:00:00,0.135,0.12,0.105,0.09,0.075,0.06,0.045,0.03,0.015,0.0
2014-09-02 07:30:00,0.135,0.12,0.105,0.09,0.075,0.06,0.045,0.03,0.015,0.0
2014-09-02 08:00:00,0.135,0.12,0.105,0.09,0.075,0.06,0.045,0.03,0.015,0.0
2014-09-02 08:30:00,0.135,0.12,0.105,0.091,0.075,0.06,0.045,0.031,0.015,0.0
2014-09-02 09:00:00,0.135,0.12,0.104,0.0917,0.075,0.06,0.045,0.0322,0.016,0.0
2014-09-02 09:30:00,0.135,0.121,0.1033,0.0921,0.075,0.06,0.045,0.0339,0.0172,0.0
2014-09-02 10:00:00,0.135,0.1217,0.1029,0.0921,0.075,0.06,0.045,0.0358,0.0189,0.0
2014-09-02 10:30:00,0.135,0.1221,0.1024,0.0907,0.075,0.06,0.045,0.0365,0.0208,0.0
2014-09-02 11:00:00,0.135,0.1221,0.1024,0.0893,0.074,0.06,0.045,0.037,0.0225,0.0
2014-09-02 11:30:00,0.135,0.1207,0.1019,0.0879,0.0733,0.06,0.045,0.0365,0.0227,0.0
2014-09-02 12:00:00,0.135,0.1193,0.1023,0.0869,0.0729,0.06,0.045,0.0357,0.0213,0.0
2014-09-02 12:30:00,0.135,0.1179,0.1031,0.0861,0.0729,0.06,0.045,0.0341,0.0188,0.0
2014-09-02 13:00:00,0.135,0.1169,0.1041,0.0866,0.0733,0.06,0.045,0.0327,0.016,0.0
2014-09-02 13:30:00,0.135,0.1166,0.1043,0.0878,0.0735,0.06,0.045,0.0319,0.014,0.0
2014-09-02 14:00:00,0.135,0.1169,0.1053,0.0888,0.0741,0.06,0.045,0.0315,0.0119,0.0
2014-09-02 14:30:00,0.135,0.1179,0.1064,0.09,0.0745,0.06,0.045,0.0317,0.0116,0.0
2014-09-02 15:00:00,0.135,0.1193,0.1065,0.0919,0.0748,0.06,0.045,0.0321,0.0119,0.0
2014-09-02 15:30:00,0.135,0.1217,0.1062,0.0924,0.0752,0.06,0.045,0.0321,0.014,0.0
2014-09-02 16:00:00,0.135,0.1238,0.1067,0.0919,0.0755,0.06,0.045,0.0317,0.015,0.0
2014-09-02 16:30:00,0.135,0.1241,0.1071,0.0915,0.0759,0.06,0.045,0.03,0.016,0.0
2014-09-02 17:00:00,0.135,0.1238,0.1069,0.0909,0.0765,0.06,0.045,0.0283,0.0171,0.0
2014-09-02 17:30:00,0.135,0.1227,0.1072,0.0905,0.0767,0.06,0.045,0.0279,0.0177,0.0
2014-09-02 18:00:00,0.135,0.1215,0.1071,0.09,0.0771,0.06,0.045,0.0279,0.0177,0.0
2014-09-02 18:30:00,0.135,0.1209,0.1071,0.0895,0.0771,0.06,0.045,0.0283,0.0171,0.0
2014-09-02 19:00:00,0.135,0.1205,0.1067,0.0897,0.0767,0.06,0.045,0.029,0.0171,0.0
2014-09-02 19:30:00,0.135,0.1202,0.105,0.0898,0.076,0.06,0.045,0.03,0.0172,0.0
2014-09-02 20:00:00,0.135,0.1198,0.1033,0.0895,0.075,0.06,0.045,0.031,0.0169,0.0
2014-09-02 20:30:00,0.135,0.1195,0.1029,0.0898,0.074,0.06,0.045,0.0317,0.0155,0.0
2014-09-02 21:00:00,0.135,0.1191,0.1029,0.0897,0.0733,0.06,0.045,0.0321,0.0152,0.0
2014-09-02 21:30:00,0.135,0.1185,0.1033,0.0897,0.0729,0.06,0.045,0.0321,0.0148,0.0
2014-09-02 22:00:00,0.135,0.1183,0.1035,0.0891,0.0729,0.06,0.045,0.0317,0.015,0.0
2014-09-02 22:30:00,0.135,0.1179,0.1031,0.0893,0.0733,0.06,0.045,0.031,0.015,0.0
2014-09-02 23:00:00,0.135,0.1179,0.1033,0.0897,0.074,0.06,0.045,0.03,0.0155,0.0
2014-09-02 23:30:00,0.135,0.1183,0.1036,0.09,0.075,0.06,0.045,0.03,0.016,0.0
2014-09-03 00:00:00,0.135,0.119,0.1041,0.0909,0.076,0.06,0.045,0.03,0.0169,0.0
2014-09-03 00:30:00,0.135,0.12,0.1048,0.091,0.0767,0.06,0.045,0.03,0.0172,0.0
2014-09-03 01:00:00,0.135,0.12,0.1057,0.091,0.0771,0.06,0.045,0.03,0.0171,0.0
2014-09-03 01:30:00,0.135,0.12,0.106,0.0909,0.0771,0.06,0.045,0.03,0.0171,0.0
2014-09-03 02:00:00,0.135,0.12,0.1055,0.0905,0.0767,0.06,0.045,0.03,0.0167,0.0
2014-09-03 02:30:00,0.135,0.12,0.1059,0.09,0.076,0.06,0.045,0.03,0.016,0.0
2014-09-03 03:00:00,0.135,0.12,0.106,0.09,0.075,0.06,0.045,0.029,0.015,0.0
2014-09-03 03:30:00,0.135,0.121,0.1055,0.09,0.075,0.06,0.045,0.0278,0.015,0.0
2014-09-03 04:00:00,0.135,0.1217,0.105,0.09,0.075,0.06,0.045,0.0261,0.015,0.0
2014-09-03 04:30:00,0.135,0.1221,0.1045,0.09,0.075,0.06,0.045,0.0242,0.015,0.0
2014-09-03 05:00:00,0.135,0.1226,0.1045,0.0895,0.075,0.06,0.045,0.0225,0.015,0.0
2014-09-03 05:30:00,0.135,0.1226,0.1045,0.0897,0.075,0.06,0.045,0.0218,0.015,0.0
2014-09-03 06:00:00,0.135,0.1221,0.1047,0.0898,0.075,0.06,0.045,0.0228,0.014,0.0
2014-09-03 06:30:00,0.135,0.121,0.105,0.09,0.075,0.06,0.045,0.0247,0.0133,0.0
2014-09-03 07:00:00,0.135,0.1203,0.1053,0.0902,0.074,0.06,0.045,0.0281,0.0129,0.0
2014-09-03 07:30:00,0.135,0.1197,0.105,0.0903,0.0733,0.06,0.045,0.0309,0.0124,0.0
2014-09-03 08:00:00,0.135,0.119,0.1047,0.0905,0.0724,0.06,0.045,0.0326,0.0124,0.0
2014-09-03 08:30:00,0.135,0.1179,0.104,0.09,0.0721,0.06,0.045,0.0329,0.0129,0.0
2014-09-03 09:00:00,0.135,0.1174,0.1031,0.091,0.0723,0.06,0.045,0.0322,0.014,0.0
2014-09-03 09:30:00,0.135,0.1174,0.1026,0.0907,0.0729,0.06,0.045,0.03,0.0147,0.0
2014-09-03 10:00:00,0.135,0.1179,0.1014,0.0903,0.0741,0.06,0.045,0.0278,0.0153,0.0
2014-09-03 10:30:00,0.135,0.1193,0.1016,0.09,0.075,0.06,0.045,0.0271,0.016,0.0
2014-09-03 11:00:00,0.135,0.1207,0.1029,0.0897,0.0759,0.06,0.045,0.0274,0.016,0.0
2014-09-03 11:30:00,0.135,0.1221,0.1047,0.0893,0.0771,0.06,0.045,0.0291,0.0159,0.0
2014-09-03 12:00:00,0.135,0.1221,0.1064,0.089,0.0777,0.06,0.045,0.0319,0.0155,0.0
2014-09-03 12:30:00,0.135,0.1217,0.1083,0.0879,0.0779,0.06,0.045,0.0353,0.015,0.0
2014-09-03 13:00:00,0.135,0.121,0.1096,0.0876,0.0776,0.06,0.045,0.0372,0.015,0.0
2014-09-03 13:30:00,0.135,0.12,0.1101,0.0876,0.0767,0.06,0.045,0.0382,0.015,0.0
2014-09-03 14:00:00,0.135,0.119,0.1095,0.0879,0.076,0.06,0.045,0.0365,0.015,0.0
2014-09-03 14:30:00,0.135,0.1183,0.1089,0.0886,0.075,0.06,0.045,0.0341,0.016,0.0
2014-09-03 15:00:00,0.135,0.1179,0.1076,0.0897,0.075,0.06,0.045,0.0319,0.0167,0.0
2014-09-03 15:30:00,0.135,0.1179,0.1067,0.091,0.075,0.06,0.045,0.0302,0.0171,0.0
2014-09-03 16:00:00,0.135,0.1183,0.106,0.0905,0.075,0.06,0.045,0.0293,0.0171,0.0
2014-09-03 16:30:00,0.135,0.119,0.105,0.0919,0.075,0.06,0.045,0.0285,0.0167,0.0
2014-09-03 17:00:00,0.135,0.12,0.105,0.0927,0.075,0.06,0.045,0.0281,0.015,0.0
2014-09-03 17:30:00,0.135,0.12,0.105,0.0931,0.075,0.06,0.045,0.0273,0.0128,0.0
2014-09-03 18:00:00,0.135,0.12,0.105,0.0929,0.075,0.06,0.045,0.0269,0.0121,0.0
2014-09-03 18:30:00,0.135,0.12,0.105,0.0922,0.075,0.06,0.045,0.0271,0.0119,0.0
2014-09-03 19:00:00,0.135,0.12,0.105,0.0915,0.075,0.06,0.045,0.0267,0.0123,0.0
2014-09-03 19:30:00,0.135,0.12,0.104,0.0909,0.075,0.06,0.045,0.0273,0.0131,0.0
2014-09-03 20:00:00,0.135,0.12,0.1033,0.09,0.075,0.06,0.045,0.0279,0.0135,0.0
2014-09-03 20:30:00,0.135,0.12,0.1029,0.0893,0.075,0.06,0.045,0.029,0.0143,0.0
2014-09-03 21:00:00,0.135,0.12,0.1024,0.0888,0.076,0.06,0.045,0.031,0.0152,0.0
2014-09-03 21:30:00,0.135,0.12,0.1024,0.0885,0.0767,0.06,0.045,0.0327,0.0159,0.0
2014-09-03 22:00:00,0.135,0.119,0.1019,0.0893,0.0771,0.06,0.045,0.0341,0.0164,0.0
2014-09-03 22:30:00,0.135,0.1178,0.1012,0.0917,0.0771,0.06,0.045,0.0343,0.0167,0.0
2014-09-03 23:00:00,0.135,0.1161,0.1004,0.0948,0.0767,0.06,0.045,0.0336,0.0169,0.0
2014-09-03 23:30:00,0.135,0.1142,0.0993,0.0963,0.076,0.06,0.045,0.0331,0.0165,0.0
2014-09-04 00:00:00,0.135,0.1125,0.099,0.0977,0.075,0.06,0.045,0.0327,0.0167,0.0
2014-09-04 00:30:00,0.135,0.1118,0.0993,0.0986,0.074,0.06,0.045,0.0329,0.0171,0.0
2014-09-04 01:00:00,0.135,0.1118,0.0999,0.0986,0.0733,0.06,0.045,0.0326,0.0171,0.0
2014-09-04 01:30:00,0.135,0.1125,0.1005,0.0977,0.0729,0.06,0.045,0.0317,0.0167,0.0
2014-09-04 02:00:00,0.135,0.1142,0.1011,0.0963,0.0729,0.06,0.045,0.031,0.016,0.0
2014-09-04 02:30:00,0.135,0.1161,0.1024,0.0948,0.0733,0.06,0.045,0.03,0.015,0.0
2014-09-04 03:00:00,0.135,0.1178,0.1033,0.0927,0.074,0.06,0.045,0.03,0.015,0.0
2014-09-04 03:30:00,0.135,0.119,0.104,0.091,0.075,0.06,0.045,0.03,0.015,0.0
2014-09-04 04:00:00,0.135,0.12,0.105,0.09,0.075,0.06,0.045,0.03,0.015,0.0
2014-09-04 04:30:00,0.135,0.12,0.105,0.09,0.075,0.06,0.045,0.03,0.015,0.0
2014-09-04 05:00:00,0.135,0.12,0.105,0.09,0.075,0.06,0.045,0.03,0.015,0.0
2014-09-04 05:30:00,0.135,0.12,0.105,0.09,0.075,0.06,0.045,0.03,0.015,0.0
2014-09-04 06:00:00,0.135,0.12,0.105,0.09,0.075,0.06,0.045,0.03,0.015,0.0
2014-09-04 06:30:00,0.135,0.12,0.105,0.09,0.075,0.06,0.045,0.03,0.015,0.0
2014-09-04 07:00:00,0.135,0.12,0.105,0.09,0.075,0.06,0.045,0.03,0.015,0.0
2014-09-04 07:30:00,0.135,0.12,0.105,0.09,0.075,0.06,0.045,0.03,0.015,0.0
2014-09-04 08:00:00,0.135,0.12,0.105,0.09,0.075,0.06,0.045,0.03,0.015,0.0
2014-09-04 08:30:00,0.135,0.12,0.105,0.09,0.075,0.06,0.045,0.03,0.015,0.0
2014-09-04 09:00:00,0.135,0.12,0.105,0.09,0.075,0.06,0.045,0.03,0.015,0.0
2014-09-04 09:30:00,0.135,0.12,0.105,0.09,0.075,0.06,0.045,0.03,0.015,0.0
2014-09-04 10:00:00,0.135,0.12,0.105,0.09,0.075,0.06,0.045,0.03,0.015,0.0
2014-09-04 10:30:00,0.135,0.12,0.105,0.09,0.075,0.06,0.045,0.03,0.015,0.0
2014-09-04 11:00:00,0.135,0.12,0.105,0.09,0.075,0.06,0.045,0.03,0.015,0.0
2014-09-04 11:30:00,0.135,0.12,0.105,0.09,0.075,0.06,0.045,0.03,0.015,0.0
2014-09-04 12:00:00,0.135,0.12,0.105,0.09,0.075,0.06,0.045,0.03,0.015,0.0
2014-09-04 12:30:00,0.135,0.12,0.105,0.09,0.075,0.06,0.045,0.03,0.015,0.0
2014-09-04 13:00:00,0.135,0.12,0.105,0.09,0.075,0.06,0.045,0.03,0.015,0.0
2014-09-04 13:30:00,0.135,0.12,0.105,0.09,0.075,0.06,0.045,0.03,0.015,0.0
2014-09-04 14:00:00,0.135,0.12,0.105,0.09,0.075,0.06,0.045,0.03,0.015,0.0
2014-09-04 14:30:00,0.135,0.12,0.105,0.09,0.075,0.06,0.045,0.03,0.015,0.0
2014-09-04 15:00:00,0.135,0.12,0.105,0.09,0.075,0.06,0.045,0.03,0.015,0.0
2014-09-04 15:30:00,0.135,0.12,0.105,0.09,0.075,0.06,0.045,0.03,0.015,0.0
2014-09-04 16:00:00,0.135,0.12,0.105,0.09,0.075,0.06,0.045,0.03,0.015,0.0
2014-09-04 16:30:00,0.135,0.12,0.105,0.09,0.075,0.06,0.045,0.03,0.015,0.0
2014-09-04 17:00:00,0.135,0.12,0.105,0.09,0.075,0.06,0.045,0.03,0.015,0.0
2014-09-04 17:30:00,0.135,0.12,0.105,0.09,0.075,0.06,0.045,0.03,0.015,0.0
2014-09-04 18:00:00,0.135,0.12,0.105,0.09,0.075,0.06,0.045,0.03,0.015,0.0
2014-09-04 18:30:00,0.135,0.12,0.105,0.09,0.075,0.06,0.045,0.03,0.015,0.0
2014-09-04 19:00:00,0.135,0.121,0.105,0.089,0.075,0.06,0.045,0.03,0.015,0.0
2014-09-04 19:30:00,0.135,0.1222,0.106,0.0873,0.075,0.06,0.045,0.029,0.015,0.0
2014-09-04 20:00:00,0.135,0.1239,0.1072,0.0862,0.075,0.06,0.045,0.0283,0.015,0.0
2014-09-04 20:30:00,0.135,0.1248,0.1089,0.0849,0.074,0.06,0.045,0.0279,0.015,0.0
2014-09-04 21:00:00,0.135,0.1258,0.1108,0.0835,0.0733,0.06,0.045,0.0279,0.014,0.0
2014-09-04 21:30:00,0.135,0.1267,0.1125,0.0825,0.0729,0.06,0.045,0.0283,0.0133,0.0
2014-09-04 22:00:00,0.135,0.1265,0.1132,0.0821,0.0729,0.06,0.045,0.029,0.0129,0.0
2014-09-04 22:30:00,0.135,0.126,0.1132,0.0835,0.0733,0.06,0.045,0.0295,0.0124,0.0
2014-09-04 23:00:00,0.135,0.1258,0.1125,0.0859,0.074,0.06,0.045,0.0297,0.0124,0.0
2014-09-04 23:30:00,0.135,0.1255,0.1108,0.089,0.0745,0.06,0.045,0.0293,0.0119,0.0
2014-09-05 00:00:00,0.135,0.125,0.1079,0.0914,0.0747,0.06,0.045,0.0281,0.0123,0.0
2014-09-05 00:30:00,0.135,0.1243,0.1055,0.0927,0.0743,0.06,0.045,0.0264,0.0131,0.0
2014-09-05 01:00:00,0.135,0.1238,0.104,0.0927,0.0731,0.06,0.045,0.0255,0.0141,0.0
2014-09-05 01:30:00,0.135,0.1231,0.1029,0.091,0.0724,0.06,0.045,0.0255,0.0143,0.0
2014-09-05 02:00:00,0.135,0.1217,0.1033,0.0905,0.0723,0.06,0.045,0.0267,0.0143,0.0
2014-09-05 02:30:00,0.135,0.12,0.1035,0.0903,0.0726,0.06,0.045,0.029,0.0136,0.0
2014-09-05 03:00:00,0.135,0.1183,0.1041,0.0891,0.0738,0.06,0.045,0.0321,0.0133,0.0
2014-09-05 03:30:00,0.135,0.1179,0.1045,0.0893,0.0747,0.06,0.045,0.0343,0.0129,0.0
2014-09-05 04:00:00,0.135,0.1179,0.1048,0.0895,0.0764,0.06,0.045,0.0357,0.014,0.0
2014-09-05 04:30:00,0.135,0.1183,0.1052,0.0897,0.0772,0.06,0.045,0.0358,0.0153,0.0
2014-09-05 05:00:00,0.135,0.119,0.1055,0.0898,0.0776,0.06,0.045,0.0348,0.0167,0.0
2014-09-05 05:30:00,0.135,0.12,0.1059,0.0897,0.0769,0.06,0.045,0.0339,0.0177,0.0
2014-09-05 06:00:00,0.135,0.12,0.1065,0.0888,0.0759,0.06,0.045,0.0327,0.0176,0.0
2014-09-05 06:30:00,0.135,0.12,0.1067,0.0871,0.0759,0.06,0.045,0.0319,0.0179,0.0
2014-09-05 07:00:00,0.135,0.12,0.106,0.0859,0.075,0.06,0.045,0.031,0.0172,0.0
2014-09-05 07:30:00,0.135,0.12,0.1053,0.0866,0.075,0.06,0.045,0.031,0.0152,0.0
2014-09-05 08:00:00,0.135,0.12,0.1047,0.0888,0.0755,0.06,0.045,0.0309,0.0131,0.0
2014-09-05 08:30:00,0.135,0.12,0.104,0.0907,0.076,0.06,0.045,0.0305,0.0114,0.0
2014-09-05 09:00:00,0.135,0.12,0.1033,0.0915,0.0769,0.06,0.045,0.0295,0.0114,0.0
2014-09-05 09:30:00,0.135,0.12,0.104,0.0917,0.0772,0.06,0.045,0.0281,0.0114,0.0
2014-09-05 10:00:00,0.135,0.12,0.105,0.0917,0.0771,0.06,0.045,0.0267,0.0123,0.0
2014-09-05 10:30:00,0.135,0.12,0.106,0.0902,0.0771,0.06,0.045,0.0261,0.0143,0.0
2014-09-05 11:00:00,0.135,0.12,0.1067,0.089,0.0767,0.06,0.045,0.0261,0.0164,0.0
2014-09-05 11:30:00,0.135,0.12,0.1071,0.0881,0.076,0.06,0.045,0.0257,0.0171,0.0
2014-09-05 12:00:00,0.135,0.12,0.106,0.0878,0.074,0.06,0.045,0.0264,0.0174,0.0
2014-09-05 12:30:00,0.135,0.12,0.105,0.0878,0.0733,0.06,0.045,0.0274,0.0184,0.0
2014-09-05 13:00:00,0.135,0.12,0.104,0.0881,0.0729,0.06,0.045,0.029,0.0183,0.0
2014-09-05 13:30:00,0.135,0.121,0.1029,0.0888,0.0729,0.06,0.045,0.0305,0.0172,0.0
2014-09-05 14:00:00,0.135,0.1207,0.1028,0.0898,0.0733,0.06,0.045,0.0319,0.0167,0.0
2014-09-05 14:30:00,0.135,0.1203,0.1031,0.0905,0.074,0.06,0.045,0.0331,0.0171,0.0
2014-09-05 15:00:00,0.135,0.12,0.1029,0.09,0.0745,0.06,0.045,0.0338,0.0169,0.0
2014-09-05 15:30:00,0.135,0.1197,0.1023,0.089,0.0747,0.06,0.045,0.0336,0.0172,0.0
2014-09-05 16:00:00,0.135,0.1193,0.1011,0.0883,0.0748,0.06,0.045,0.0326,0.0171,0.0
2014-09-05 16:30:00,0.135,0.119,0.1007,0.0879,0.075,0.06,0.045,0.0321,0.0171,0.0
2014-09-05 17:00:00,0.135,0.119,0.1012,0.0879,0.0752,0.06,0.045,0.0317,0.0167,0.0
2014-09-05 17:30:00,0.135,0.1193,0.1029,0.0883,0.0753,0.06,0.045,0.031,0.015,0.0
2014-09-05 18:00:00,0.135,0.1197,0.104,0.089,0.075,0.06,0.045,0.029,0.0133,0.0
2014-09-05 18:30:00,0.135,0.12,0.1053,0.09,0.0747,0.06,0.045,0.0278,0.0129,0.0
2014-09-05 19:00:00,0.135,0.1203,0.1077,0.09,0.0748,0.06,0.045,0.0261,0.0129,0.0
2014-09-05 19:30:00,0.135,0.1207,0.1089,0.0905,0.075,0.06,0.045,0.0242,0.0133,0.0
2014-09-05 20:00:00,0.135,0.121,0.1093,0.0909,0.0752,0.06,0.045,0.0225,0.014,0.0
2014-09-05 20:30:00,0.135,0.12,0.1088,0.091,0.0753,0.06,0.045,0.0218,0.015,0.0
2014-09-05 21:00:00,0.135,0.12,0.1083,0.091,0.0755,0.06,0.045,0.0228,0.016,0.0
2014-09-05 21:30:00,0.135,0.12,0.106,0.0903,0.076,0.06,0.045,0.0247,0.0157,0.0
2014-09-05 22:00:00,0.135,0.12,0.1045,0.0897,0.0767,0.06,0.045,0.0281,0.0153,0.0
2014-09-05 22:30:00,0.135,0.12,0.104,0.089,0.0771,0.06,0.045,0.0319,0.015,0.0
2014-09-05 23:00:00,0.135,0.12,0.1031,0.089,0.076,0.06,0.045,0.0353,0.0147,0.0
2014-09-05 23:30:00,0.135,0.119,0.1028,0.0891,0.0745,0.06,0.045,0.0372,0.0143,0.0
2014-09-06 00:00:00,0.135,0.1178,0.1029,0.09,0.0731,0.06,0.045,0.0382,0.014,0.0
2014-09-06 00:30:00,0.135,0.1161,0.104,0.0909,0.0719,0.06,0.045,0.0375,0.015,0.0
2014-09-06 01:00:00,0.135,0.1152,0.1055,0.091,0.0723,0.06,0.045,0.0358,0.016,0.0
2014-09-06 01:30:00,0.135,0.1152,0.1069,0.0905,0.0731,0.06,0.045,0.0329,0.0157,0.0
2014-09-06 02:00:00,0.135,0.115,0.1081,0.09,0.0745,0.06,0.045,0.03,0.0153,0.0
2014-09-06 02:30:00,0.135,0.1161,0.1088,0.09,0.0755,0.06,0.045,0.0271,0.015,0.0
2014-09-06 03:00:00,0.135,0.1179,0.1076,0.0893,0.0769,0.06,0.045,0.0252,0.0147,0.0
2014-09-06 03:30:00,0.135,0.1207,0.1053,0.0893,0.0777,0.06,0.045,0.0252,0.0143,0.0
2014-09-06 04:00:00,0.135,0.1226,0.1041,0.0895,0.0781,0.06,0.045,0.0261,0.014,0.0
2014-09-06 04:30:00,0.135,0.1239,0.1026,0.0898,0.0779,0.06,0.045,0.0278,0.015,0.0
2014-09-06 05:00:00,0.135,0.1248,0.1005,0.0897,0.0772,0.06,0.045,0.03,0.015,0.0
2014-09-06 05:30:00,0.135,0.1248,0.0983,0.09,0.076,0.06,0.045,0.0322,0.015,0.0
2014-09-06 06:00:00,0.135,0.1236,0.0987,0.0909,0.075,0.06,0.045,0.0339,0.015,0.0
2014-09-06 06:30:00,0.135,0.1226,0.0992,0.091,0.075,0.06,0.045,0.0348,0.015,0.0
2014-09-06 07:00:00,0.135,0.1221,0.1002,0.091,0.075,0.06,0.045,0.0348,0.015,0.0
2014-09-06 07:30:00,0.135,0.1217,0.1017,0.0909,0.075,0.06,0.045,0.0339,0.0145,0.0
2014-09-06 08:00:00,0.135,0.121,0.1036,0.0905,0.075,0.06,0.045,0.0322,0.0141,0.0
2014-09-06 08:30:00,0.135,0.12,0.1048,0.09,0.075,0.06,0.045,0.031,0.014,0.0
2014-09-06 09:00:00,0.135,0.12,0.105,0.09,0.075,0.06,0.045,0.03,0.0129,0.0
2014-09-06 09:30:00,0.135,0.12,0.1052,0.09,0.075,0.06,0.045,0.03,0.0124,0.0
2014-09-06 10:00:00,0.135,0.12,0.1064,0.09,0.075,0.06,0.045,0.029,0.0124,0.0
2014-09-06 10:30:00,0.135,0.12,0.1083,0.09,0.075,0.06,0.045,0.0278,0.0129,0.0
2014-09-06 11:00:00,0.135,0.12,0.1098,0.0905,0.075,0.06,0.045,0.0261,0.0143,0.0
2014-09-06 11:30:00,0.135,0.12,0.1108,0.0909,0.074,0.06,0.045,0.0242,0.0157,0.0
2014-09-06 12:00:00,0.135,0.12,0.1113,0.0915,0.0733,0.06,0.045,0.0225,0.0176,0.0
2014-09-06 12:30:00,0.135,0.12,0.1117,0.0919,0.0729,0.06,0.045,0.0218,0.0189,0.0
2014-09-06 13:00:00,0.135,0.12,0.1095,0.0914,0.0729,0.06,0.045,0.0228,0.0184,0.0
2014-09-06 13:30:00,0.135,0.121,0.1074,0.0907,0.0733,0.06,0.045,0.0247,0.0174,0.0
2014-09-06 14:00:00,0.135,0.1217,0.1053,0.0909,0.074,0.06,0.045,0.0271,0.0159,0.0
2014-09-06 14:30:00,0.135,0.1221,0.1033,0.0912,0.075,0.06,0.045,0.0291,0.0152,0.0
2014-09-06 15:00:00,0.135,0.1221,0.1005,0.0912,0.076,0.06,0.045,0.0305,0.0143,0.0
2014-09-06 15:30:00,0.135,0.1217,0.0992,0.0915,0.0767,0.06,0.045,0.0309,0.014,0.0
2014-09-06 16:00:00,0.135,0.121,0.099,0.0917,0.0771,0.06,0.045,0.0305,0.015,0.0
2014-09-06 16:30:00,0.135,0.12,0.1,0.091,0.0771,0.06,0.045,0.0295,0.016,0.0
2014-09-06 17:00:00,0.135,0.119,0.1019,0.09,0.0757,0.06,0.045,0.0281,0.0167,0.0
2014-09-06 17:30:00,0.135,0.1183,0.104,0.0895,0.0743,0.06,0.045,0.0283,0.0171,0.0
2014-09-06 18:00:00,0.135,0.119,0.1064,0.0881,0.0729,0.06,0.045,0.0291,0.0171,0.0
2014-09-06 18:30:00,0.135,0.1197,0.1084,0.0867,0.0729,0.06,0.045,0.031,0.0167,0.0
2014-09-06 19:00:00,0.135,0.1203,0.1098,0.0871,0.0733,0.06,0.045,0.0336,0.016,0.0
2014-09-06 19:30:00,0.135,0.121,0.1096,0.0878,0.074,0.06,0.045,0.0355,0.015,0.0
2014-09-06 20:00:00,0.135,0.1217,0.1096,0.0888,0.075,0.06,0.045,0.036,0.015,0.0
2014-09-06 20:30:00,0.135,0.121,0.1088,0.0902,0.076,0.06,0.045,0.0343,0.015,0.0
2014-09-06 21:00:00,0.135,0.12,0.1071,0.0912,0.0757,0.06,0.045,0.0327,0.014,0.0
2014-09-06 21:30:00,0.135,0.119,0.1059,0.0915,0.0753,0.06,0.045,0.031,0.0133,0.0
2014-09-06 22:00:00,0.135,0.1183,0.1055,0.0909,0.075,0.06,0.045,0.03,0.0129,0.0
2014-09-06 22:30:00,0.135,0.1179,0.1045,0.09,0.0747,0.06,0.045,0.03,0.0129,0.0
2014-09-06 23:00:00,0.135,0.1179,0.1041,0.0903,0.0743,0.06,0.045,0.031,0.0133,0.0
2014-09-06 23:30:00,0.135,0.1183,0.104,0.0905,0.074,0.06,0.045,0.0322,0.014,0.0
2014-09-07 00:00:00,0.135,0.1179,0.1029,0.0915,0.075,0.06,0.045,0.0339,0.015,0.0
2014-09-07 00:30:00,0.135,0.1183,0.1035,0.0931,0.076,0.06,0.045,0.0348,0.016,0.0
2014-09-07 01:00:00,0.135,0.1179,0.1041,0.0945,0.0767,0.06,0.045,0.0348,0.0167,0.0
2014-09-07 01:30:00,0.135,0.1179,0.105,0.0951,0.0771,0.06,0.045,0.0339,0.0171,0.0
2014-09-07 02:00:00,0.135,0.1183,0.1059,0.0938,0.0771,0.06,0.045,0.0322,0.0171,0.0
2014-09-07 02:30:00,0.135,0.1185,0.106,0.0917,0.0767,0.06,0.045,0.031,0.0167,0.0
2014-09-07 03:00:00,0.135,0.1191,0.1052,0.0893,0.076,0.06,0.045,0.03,0.016,0.0
2014-09-07 03:30:00,0.135,0.1195,0.1033,0.0869,0.075,0.06,0.045,0.03,0.015,0.0
2014-09-07 04:00:00,0.135,0.1198,0.1028,0.0852,0.075,0.06,0.045,0.03,0.015,0.0
2014-09-07 04:30:00,0.135,0.1202,0.1026,0.084,0.075,0.06,0.045,0.029,0.015,0.0
2014-09-07 05:00:00,0.135,0.1205,0.1028,0.084,0.075,0.06,0.045,0.0283,0.015,0.0
2014-09-07 05:30:00,0.135,0.1209,0.104,0.0862,0.075,0.06,0.045,0.0274,0.015,0.0
2014-09-07 06:00:00,0.135,0.1215,0.106,0.0879,0.075,0.06,0.045,0.0261,0.015,0.0
2014-09-07 06:30:00,0.135,0.1217,0.1072,0.0902,0.075,0.06,0.045,0.0245,0.014,0.0
2014-09-07 07:00:00,0.135,0.1221,0.1089,0.0915,0.075,0.06,0.045,0.0231,0.0128,0.0
2014-09-07 07:30:00,0.135,0.1221,0.1098,0.0927,0.074,0.06,0.045,0.0228,0.0111,0.0
2014-09-07 08:00:00,0.135,0.1217,0.1098,0.0938,0.0733,0.06,0.045,0.0228,0.0102,0.0
2014-09-07 08:30:00,0.135,0.121,0.1079,0.0938,0.0729,0.06,0.045,0.0231,0.0092,0.0
2014-09-07 09:00:00,0.135,0.12,0.1055,0.0936,0.0724,0.06,0.045,0.0245,0.0083,0.0
2014-09-07 09:30:00,0.135,0.12,0.1035,0.0929,0.0724,0.06,0.045,0.0271,0.009,0.0
2014-09-07 10:00:00,0.135,0.12,0.1021,0.0927,0.0729,0.06,0.045,0.0297,0.0099,0.0
2014-09-07 10:30:00,0.135,0.12,0.1012,0.0917,0.074,0.06,0.045,0.0322,0.0123,0.0
2014-09-07 11:00:00,0.135,0.12,0.1012,0.0902,0.0747,0.06,0.045,0.0348,0.015,0.0
2014-09-07 11:30:00,0.135,0.12,0.1021,0.0898,0.0753,0.06,0.045,0.0375,0.0177,0.0
2014-09-07 12:00:00,0.135,0.119,0.1035,0.0897,0.076,0.06,0.045,0.0377,0.0191,0.0
2014-09-07 12:30:00,0.135,0.1183,0.105,0.089,0.0771,0.06,0.045,0.0363,0.0198,0.0
2014-09-07 13:00:00,0.135,0.1179,0.1065,0.0888,0.0765,0.06,0.045,0.0348,0.0184,0.0
2014-09-07 13:30:00,0.135,0.1179,0.1074,0.0898,0.0759,0.06,0.045,0.0327,0.0164,0.0
2014-09-07 14:00:00,0.135,0.1183,0.1069,0.0921,0.075,0.06,0.045,0.031,0.015,0.0
2014-09-07 14:30:00,0.135,0.119,0.105,0.0938,0.0747,0.06,0.045,0.03,0.0136,0.0
2014-09-07 15:00:00,0.135,0.12,0.1031,0.0946,0.0743,0.06,0.045,0.029,0.0126,0.0
2014-09-07 15:30:00,0.135,0.121,0.1026,0.0967,0.0735,0.06,0.045,0.0283,0.0129,0.0
2014-09-07 16:00:00,0.135,0.1217,0.1024,0.0982,0.0741,0.06,0.045,0.029,0.0147,0.0
2014-09-07 16:30:00,0.135,0.1221,0.1023,0.0975,0.074,0.06,0.045,0.0286,0.0164,0.0
2014-09-07 17:00:00,0.135,0.1221,0.1033,0.0955,0.074,0.06,0.045,0.0276,0.0183,0.0
2014-09-07 17:30:00,0.135,0.1217,0.1057,0.0934,0.0731,0.06,0.045,0.0262,0.0196,0.0
2014-09-07 18:00:00,0.135,0.121,0.1067,0.0907,0.0728,0.06,0.045,0.0259,0.0201,0.0
2014-09-07 18:30:00,0.135,0.12,0.1074,0.0876,0.0729,0.06,0.045,0.0262,0.0184,0.0
2014-09-07 19:00:00,0.135,0.12,0.1077,0.0849,0.0729,0.06,0.045,0.0279,0.0172,0.0
2014-09-07 19:30:00,0.135,0.12,0.1067,0.0835,0.0733,0.06,0.045,0.031,0.015,0.0
2014-09-07 20:00:00,0.135,0.12,0.1043,0.083,0.075,0.06,0.045,0.0341,0.0128,0.0
2014-09-07 20:30:00,0.135,0.12,0.1019,0.0826,0.0767,0.06,0.045,0.036,0.0116,0.0
2014-09-07 21:00:00,0.135,0.12,0.1012,0.0838,0.0776,0.06,0.045,0.0357,0.0109,0.0
2014-09-07 21:30:00,0.135,0.119,0.1012,0.0862,0.0779,0.06,0.045,0.0341,0.0121,0.0
2014-09-07 22:00:00,0.135,0.1183,0.1019,0.0885,0.0777,0.06,0.045,0.0327,0.0138,0.0
2014-09-07 22:30:00,0.135,0.119,0.1023,0.0891,0.0781,0.06,0.045,0.0319,0.0157,0.0
2014-09-07 23:00:00,0.135,0.1197,0.1033,0.089,0.0776,0.06,0.045,0.0305,0.0176,0.0
2014-09-07 23:30:00,0.135,0.1203,0.1047,0.0897,0.0776,0.06,0.045,0.03,0.0189,0.0
2014-09-08 00:00:00,0.135,0.121,0.106,0.0893,0.0771,0.06,0.045,0.03,0.0184,0.0
2014-09-08 00:30:00,0.135,0.1217,0.106,0.0879,0.0767,0.06,0.045,0.031,0.0174,0.0
2014-09-08 01:00:00,0.135,0.1221,0.106,0.0873,0.076,0.06,0.045,0.0317,0.0153,0.0
2014-09-08 01:30:00,0.135,0.1217,0.106,0.0873,0.075,0.06,0.045,0.0321,0.0133,0.0
2014-09-08 02:00:00,0.135,0.121,0.1047,0.0876,0.075,0.06,0.045,0.0321,0.0105,0.0
2014-09-08 02:30:00,0.135,0.1193,0.1043,0.0893,0.075,0.06,0.045,0.0317,0.0092,0.0
2014-09-08 03:00:00,0.135,0.1179,0.105,0.0915,0.075,0.06,0.045,0.03,0.01,0.0
2014-09-08 03:30:00,0.135,0.1179,0.1057,0.0946,0.074,0.06,0.045,0.0278,0.0117,0.0
2014-09-08 04:00:00,0.135,0.1179,0.1064,0.0969,0.0733,0.06,0.045,0.0261,0.014,0.0
2014-09-08 04:30:00,0.135,0.1193,0.1077,0.0975,0.0729,0.06,0.045,0.0242,0.0171,0.0
2014-09-08 05:00:00,0.135,0.121,0.1084,0.0977,0.0729,0.06,0.045,0.0225,0.0193,0.0
2014-09-08 05:30:00,0.135,0.1217,0.1089,0.0963,0.0733,0.06,0.045,0.0223,0.0207,0.0
2014-09-08 06:00:00,0.135,0.1221,0.1086,0.0938,0.074,0.06,0.045,0.0237,0.0208,0.0
2014-09-08 06:30:00,0.135,0.1217,0.1088,0.09,0.075,0.06,0.045,0.0262,0.0198,0.0
2014-09-08 07:00:00,0.135,0.121,0.1081,0.0862,0.076,0.06,0.045,0.03,0.0189,0.0
2014-09-08 07:30:00,0.135,0.1203,0.1076,0.0831,0.0767,0.06,0.045,0.0338,0.0172,0.0
2014-09-08 08:00:00,0.135,0.1207,0.1065,0.0825,0.0771,0.06,0.045,0.0363,0.016,0.0
2014-09-08 08:30:00,0.135,0.1207,0.1048,0.0821,0.0771,0.06,0.045,0.0377,0.015,0.0
2014-09-08 09:00:00,0.135,0.1203,0.1028,0.0845,0.0757,0.06,0.045,0.0375,0.015,0.0
2014-09-08 09:30:00,0.135,0.121,0.1012,0.0869,0.0738,0.06,0.045,0.0358,0.014,0.0
2014-09-08 10:00:00,0.135,0.1217,0.1002,0.09,0.0721,0.06,0.045,0.0339,0.0128,0.0
2014-09-08 10:30:00,0.135,0.121,0.1,0.0921,0.0719,0.06,0.045,0.0322,0.0121,0.0
2014-09-08 11:00:00,0.135,0.12,0.1011,0.0927,0.0723,0.06,0.045,0.031,0.0119,0.0
2014-09-08 11:30:00,0.135,0.119,0.1029,0.0921,0.0731,0.06,0.045,0.03,0.0123,0.0
2014-09-08 12:00:00,0.135,0.1183,0.1057,0.091,0.0745,0.06,0.045,0.03,0.0121,0.0
2014-09-08 12:30:00,0.135,0.1179,0.1076,0.0907,0.075,0.06,0.045,0.03,0.0117,0.0
2014-09-08 13:00:00,0.135,0.1179,0.1089,0.091,0.0755,0.06,0.045,0.029,0.0123,0.0
2014-09-08 13:30:00,0.135,0.1183,0.1098,0.091,0.0759,0.06,0.045,0.0283,0.0136,0.0
2014-09-08 14:00:00,0.135,0.119,0.1098,0.091,0.076,0.06,0.045,0.0279,0.015,0.0
2014-09-08 14:30:00,0.135,0.12,0.1076,0.091,0.0755,0.06,0.045,0.0279,0.0153,0.0
2014-09-08 15:00:00,0.135,0.12,0.1053,0.0907,0.074,0.06,0.045,0.0283,0.016,0.0
2014-09-08 15:30:00,0.135,0.12,0.1041,0.09,0.0728,0.06,0.045,0.029,0.0167,0.0
2014-09-08 16:00:00,0.135,0.12,0.1036,0.0893,0.0729,0.06,0.045,0.03,0.0157,0.0
2014-09-08 16:30:00,0.135,0.121,0.1023,0.09,0.0738,0.06,0.045,0.031,0.0143,0.0
2014-09-08 17:00:00,0.135,0.1217,0.1004,0.0897,0.0748,0.06,0.045,0.0317,0.0143,0.0
2014-09-08 17:30:00,0.135,0.1221,0.1007,0.0903,0.075,0.06,0.045,0.0321,0.0136,0.0
2014-09-08 18:00:00,0.135,0.1221,0.1019,0.0907,0.075,0.06,0.045,0.0321,0.0123,0.0
2014-09-08 18:30:00,0.135,0.1217,0.104,0.0921,0.074,0.06,0.045,0.0317,0.0112,0.0
2014-09-08 19:00:00,0.135,0.121,0.106,0.0921,0.0729,0.06,0.045,0.031,0.0119,0.0
2014-09-08 19:30:00,0.135,0.12,0.1081,0.0907,0.0733,0.06,0.045,0.03,0.0143,0.0
2014-09-08 20:00:00,0.135,0.119,0.1088,0.0893,0.074,0.06,0.045,0.029,0.0157,0.0
2014-09-08 20:30:00,0.135,0.1183,0.1083,0.0879,0.074,0.06,0.045,0.0283,0.0171,0.0
2014-09-08 21:00:00,0.135,0.1179,0.1064,0.0874,0.0743,0.06,0.045,0.0279,0.0181,0.0
2014-09-08 21:30:00,0.135,0.1179,0.1052,0.0874,0.0747,0.06,0.045,0.0279,0.0189,0.0
2014-09-08 22:00:00,0.135,0.1183,0.104,0.0879,0.076,0.06,0.045,0.0283,0.0189,0.0
2014-09-08 22:30:00,0.135,0.119,0.1031,0.0895,0.076,0.06,0.045,0.0285,0.0181,0.0
2014-09-08 23:00:00,0.135,0.12,0.1016,0.09,0.076,0.06,0.045,0.0281,0.0177,0.0
2014-09-08 23:30:00,0.135,0.12,0.1017,0.09,0.076,0.06,0.045,0.0273,0.0179,0.0
2014-09-09 00:00:00,0.135,0.121,0.1019,0.0902,0.0747,0.06,0.045,0.0269,0.0162,0.0
2014-09-09 00:30:00,0.135,0.1217,0.1033,0.0903,0.0733,0.06,0.045,0.0271,0.0148,0.0
2014-09-09 01:00:00,0.135,0.1221,0.105,0.0914,0.0723,0.06,0.045,0.0278,0.0131,0.0
2014-09-09 01:30:00,0.135,0.121,0.1067,0.0914,0.0729,0.06,0.045,0.0279,0.0119,0.0
2014-09-09 02:00:00,0.135,0.119,0.1081,0.0907,0.074,0.06,0.045,0.0283,0.0112,0.0
2014-09-09 02:30:00,0.135,0.1173,0.1083,0.0902,0.075,0.06,0.045,0.0279,0.0111,0.0
2014-09-09 03:00:00,0.135,0.1159,0.1084,0.0891,0.076,0.06,0.045,0.0279,0.0128,0.0
2014-09-09 03:30:00,0.135,0.1157,0.1074,0.0881,0.0781,0.06,0.045,0.0273,0.015,0.0
2014-09-09 04:00:00,0.135,0.1164,0.1069,0.0878,0.0789,0.06,0.045,0.0267,0.0172,0.0
2014-09-09 04:30:00,0.135,0.1179,0.1059,0.0879,0.08,0.06,0.045,0.0261,0.0189,0.0
2014-09-09 05:00:00,0.135,0.1195,0.1057,0.0883,0.0798,0.06,0.045,0.0252,0.0198,0.0
2014-09-09 05:30:00,0.135,0.121,0.1053,0.0879,0.0798,0.06,0.045,0.0262,0.0198,0.0
2014-09-09 06:00:00,0.135,0.1222,0.1055,0.089,0.0789,0.06,0.045,0.0283,0.0189,0.0
2014-09-09 06:30:00,0.135,0.1231,0.106,0.09,0.0762,0.06,0.045,0.0317,0.0172,0.0
2014-09-09 07:00:00,0.135,0.1229,0.1067,0.091,0.0743,0.06,0.045,0.0348,0.016,0.0
2014-09-09 07:30:00,0.135,0.1222,0.106,0.0921,0.0729,0.06,0.045,0.0375,0.015,0.0
2014-09-09 08:00:00,0.135,0.121,0.1053,0.0927,0.0729,0.06,0.045,0.0382,0.016,0.0
2014-09-09 08:30:00,0.135,0.12,0.1047,0.0927,0.0733,0.06,0.045,0.0382,0.0167,0.0
2014-09-09 09:00:00,0.135,0.12,0.1035,0.0926,0.074,0.06,0.045,0.0375,0.0171,0.0
2014-09-09 09:30:00,0.135,0.12,0.1024,0.0924,0.075,0.06,0.045,0.0358,0.0171,0.0
2014-09-09 10:00:00,0.135,0.12,0.1029,0.0919,0.075,0.06,0.045,0.0339,0.0167,0.0
2014-09-09 10:30:00,0.135,0.12,0.104,0.0905,0.075,0.06,0.045,0.0322,0.016,0.0
2014-09-09 11:00:00,0.135,0.12,0.1047,0.089,0.075,0.06,0.045,0.03,0.015,0.0
2014-09-09 11:30:00,0.135,0.12,0.1053,0.0876,0.075,0.06,0.045,0.0278,0.014,0.0
2014-09-09 12:00:00,0.135,0.12,0.1055,0.0867,0.075,0.06,0.045,0.0261,0.0133,0.0
2014-09-09 12:30:00,0.135,0.12,0.1057,0.0866,0.075,0.06,0.045,0.0242,0.0129,0.0
2014-09-09 13:00:00,0.135,0.12,0.1057,0.0871,0.075,0.06,0.045,0.0225,0.0129,0.0
2014-09-09 13:30:00,0.135,0.119,0.1055,0.0881,0.076,0.06,0.045,0.0223,0.0133,0.0
2014-09-09 14:00:00,0.135,0.1178,0.1047,0.0895,0.0767,0.06,0.045,0.0231,0.014,0.0
2014-09-09 14:30:00,0.135,0.1171,0.1045,0.091,0.076,0.06,0.045,0.0243,0.015,0.0
2014-09-09 15:00:00,0.135,0.1159,0.1045,0.0914,0.0753,0.06,0.045,0.0262,0.015,0.0
2014-09-09 15:30:00,0.135,0.1155,0.1045,0.0926,0.0747,0.06,0.045,0.0279,0.015,0.0
2014-09-09 16:00:00,0.135,0.1161,0.105,0.0931,0.074,0.06,0.045,0.0291,0.015,0.0
2014-09-09 16:30:00,0.135,0.1174,0.1055,0.0924,0.0733,0.06,0.045,0.03,0.015,0.0
2014-09-09 17:00:00,0.135,0.1193,0.106,0.0914,0.0735,0.06,0.045,0.0309,0.015,0.0
2014-09-09 17:30:00,0.135,0.1212,0.1069,0.0907,0.0741,0.06,0.045,0.0321,0.015,0.0
2014-09-09 18:00:00,0.135,0.1224,0.1072,0.0888,0.0745,0.06,0.045,0.0327,0.015,0.0
2014-09-09 18:30:00,0.135,0.1227,0.1071,0.0881,0.0748,0.06,0.045,0.0329,0.015,0.0
2014-09-09 19:00:00,0.135,0.1226,0.1071,0.0886,0.0752,0.06,0.045,0.0326,0.015,0.0
2014-09-09 19:30:00,0.135,0.1219,0.1067,0.0895,0.0755,0.06,0.045,0.0317,0.015,0.0
2014-09-09 20:00:00,0.135,0.1207,0.105,0.0895,0.0759,0.06,0.045,0.03,0.015,0.0
2014-09-09 20:30:00,0.135,0.1203,0.1033,0.0891,0.0765,0.06,0.045,0.0278,0.015,0.0
2014-09-09 21:00:00,0.135,0.1205,0.1024,0.0897,0.0767,0.06,0.045,0.0271,0.015,0.0
2014-09-09 21:30:00,0.135,0.121,0.1021,0.0885,0.0771,0.06,0.045,0.0274,0.015,0.0
2014-09-09 22:00:00,0.135,0.1217,0.1023,0.0876,0.0771,0.06,0.045,0.0291,0.015,0.0
2014-09-09 22:30:00,0.135,0.1221,0.1029,0.0869,0.0767,0.06,0.045,0.0319,0.015,0.0
2014-09-09 23:00:00,0.135,0.1221,0.1041,0.0864,0.076,0.06,0.045,0.0353,0.015,0.0
2014-09-09 23:30:00,0.135,0.1227,0.1045,0.0866,0.075,0.06,0.045,0.0372,0.015,0.0
2014-09-10 00:00:00,0.135,0.1227,0.104,0.0867,0.074,0.06,0.045,0.0382,0.015,0.0
2014-09-10 00:30:00,0.135,0.1221,0.1043,0.0881,0.0728,0.06,0.045,0.0375,0.015,0.0
2014-09-10 01:00:00,0.135,0.1221,0.1047,0.0895,0.0721,0.06,0.045,0.0353,0.015,0.0
2014-09-10 01:30:00,0.135,0.1217,0.104,0.09,0.0709,0.06,0.045,0.0331,0.015,0.0
2014-09-10 02:00:00,0.135,0.121,0.1036,0.09,0.0705,0.06,0.045,0.0312,0.015,0.0
2014-09-10 02:30:00,0.135,0.12,0.1036,0.09,0.07,0.06,0.045,0.03,0.015,0.0
2014-09-10 03:00:00,0.135,0.119,0.105,0.09,0.0707,0.06,0.045,0.0291,0.015,0.0
2014-09-10 03:30:00,0.135,0.1183,0.1055,0.09,0.0723,0.06,0.045,0.0295,0.015,0.0
2014-09-10 04:00:00,0.135,0.1179,0.1069,0.09,0.0736,0.06,0.045,0.03,0.015,0.0
2014-09-10 04:30:00,0.135,0.1179,0.1081,0.09,0.0753,0.06,0.045,0.0305,0.015,0.0
2014-09-10 05:00:00,0.135,0.1183,0.1077,0.09,0.0771,0.06,0.045,0.0309,0.015,0.0
2014-09-10 05:30:00,0.135,0.119,0.1069,0.09,0.0784,0.06,0.045,0.031,0.015,0.0
2014-09-10 06:00:00,0.135,0.12,0.1055,0.09,0.0786,0.06,0.045,0.031,0.015,0.0
2014-09-10 06:30:00,0.135,0.12,0.105,0.091,0.0779,0.06,0.045,0.0309,0.015,0.0
2014-09-10 07:00:00,0.135,0.12,0.105,0.0912,0.0777,0.06,0.045,0.0305,0.015,0.0
2014-09-10 07:30:00,0.135,0.12,0.105,0.0912,0.0781,0.06,0.045,0.03,0.015,0.0
2014-09-10 08:00:00,0.135,0.12,0.105,0.091,0.0776,0.06,0.045,0.03,0.015,0.0
2014-09-10 08:30:00,0.135,0.12,0.106,0.0907,0.0765,0.06,0.045,0.029,0.015,0.0
2014-09-10 09:00:00,0.135,0.12,0.1067,0.0902,0.0753,0.06,0.045,0.0278,0.014,0.0
2014-09-10 09:30:00,0.135,0.12,0.1071,0.0895,0.0747,0.06,0.045,0.0271,0.0133,0.0
2014-09-10 10:00:00,0.135,0.12,0.1071,0.0895,0.074,0.06,0.045,0.0269,0.0129,0.0
2014-09-10 10:30:00,0.135,0.12,0.1067,0.0891,0.0733,0.06,0.045,0.0273,0.0129,0.0
2014-09-10 11:00:00,0.135,0.12,0.105,0.089,0.074,0.06,0.045,0.0281,0.0133,0.0
2014-09-10 11:30:00,0.135,0.12,0.1033,0.089,0.075,0.06,0.045,0.0295,0.014,0.0
2014-09-10 12:00:00,0.135,0.12,0.1029,0.0891,0.076,0.06,0.045,0.0305,0.015,0.0
2014-09-10 12:30:00,0.135,0.12,0.1029,0.0895,0.0767,0.06,0.045,0.0319,0.016,0.0
2014-09-10 13:00:00,0.135,0.121,0.1033,0.09,0.0771,0.06,0.045,0.0327,0.0167,0.0
2014-09-10 13:30:00,0.135,0.1217,0.1035,0.09,0.0781,0.06,0.045,0.0331,0.0171,0.0
2014-09-10 14:00:00,0.135,0.1221,0.1041,0.09,0.0784,0.06,0.045,0.0319,0.0171,0.0
2014-09-10 14:30:00,0.135,0.1226,0.1045,0.09,0.0781,0.06,0.045,0.0305,0.0167,0.0
2014-09-10 15:00:00,0.135,0.1226,0.1043,0.09,0.0771,0.06,0.045,0.029,0.016,0.0
2014-09-10 15:30:00,0.135,0.1221,0.1043,0.0895,0.0767,0.06,0.045,0.0279,0.015,0.0
2014-09-10 16:00:00,0.135,0.121,0.1045,0.0891,0.076,0.06,0.045,0.0278,0.014,0.0
2014-09-10 16:30:00,0.135,0.1203,0.1048,0.089,0.075,0.06,0.045,0.0271,0.0133,0.0
2014-09-10 17:00:00,0.135,0.1197,0.1052,0.089,0.074,0.06,0.045,0.0262,0.0129,0.0
2014-09-10 17:30:00,0.135,0.119,0.1053,0.0902,0.0733,0.06,0.045,0.0252,0.0129,0.0
2014-09-10 18:00:00,0.135,0.1179,0.106,0.0912,0.0729,0.06,0.045,0.025,0.0133,0.0
2014-09-10 18:30:00,0.135,0.1174,0.1071,0.0915,0.0729,0.06,0.045,0.0257,0.014,0.0
2014-09-10 19:00:00,0.135,0.1174,0.1076,0.0922,0.0733,0.06,0.045,0.0273,0.015,0.0
2014-09-10 19:30:00,0.135,0.1179,0.1076,0.0919,0.0729,0.06,0.045,0.03,0.016,0.0
2014-09-10 20:00:00,0.135,0.1183,0.1071,0.0912,0.0733,0.06,0.045,0.0317,0.0157,0.0
2014-09-10 20:30:00,0.135,0.119,0.1057,0.0902,0.0729,0.06,0.045,0.0331,0.0148,0.0
2014-09-10 21:00:00,0.135,0.12,0.1038,0.0902,0.0729,0.06,0.045,0.0338,0.0131,0.0
2014-09-10 21:30:00,0.135,0.12,0.1021,0.0912,0.0733,0.06,0.045,0.0327,0.0119,0.0
2014-09-10 22:00:00,0.135,0.12,0.1019,0.0922,0.074,0.06,0.045,0.0303,0.0112,0.0
2014-09-10 22:30:00,0.135,0.12,0.1023,0.0927,0.075,0.06,0.045,0.0269,0.01,0.0
2014-09-10 23:00:00,0.135,0.12,0.1031,0.0924,0.076,0.06,0.045,0.0247,0.0111,0.0
2014-09-10 23:30:00,0.135,0.12,0.1045,0.0927,0.0767,0.06,0.045,0.0233,0.0119,0.0
2014-09-11 00:00:00,0.135,0.12,0.105,0.0934,0.0771,0.06,0.045,0.0231,0.014,0.0
2014-09-11 00:30:00,0.135,0.12,0.1055,0.0921,0.0771,0.06,0.045,0.0245,0.016,0.0
2014-09-11 01:00:00,0.135,0.12,0.1053,0.0903,0.0767,0.06,0.045,0.0261,0.0177,0.0
2014-09-11 01:30:00,0.135,0.12,0.1052,0.09,0.076,0.06,0.045,0.0274,0.0191,0.0
2014-09-11 02:00:00,0.135,0.12,0.105,0.0886,0.075,0.06,0.045,0.0283,0.0193,0.0
2014-09-11 02:30:00,0.135,0.12,0.1038,0.0873,0.075,0.06,0.045,0.029,0.0186,0.0
2014-09-11 03:00:00,0.135,0.12,0.1019,0.0873,0.075,0.06,0.045,0.03,0.0181,0.0
2014-09-11 03:30:00,0.135,0.12,0.1007,0.089,0.075,0.06,0.045,0.03,0.0177,0.0
2014-09-11 04:00:00,0.135,0.12,0.0999,0.09,0.075,0.06,0.045,0.03,0.0169,0.0
2014-09-11 04:30:00,0.135,0.12,0.1005,0.09,0.075,0.06,0.045,0.03,0.0159,0.0
2014-09-11 05:00:00,0.135,0.12,0.1009,0.09,0.075,0.06,0.045,0.031,0.0141,0.0
2014-09-11 05:30:00,0.135,0.12,0.1017,0.09,0.075,0.06,0.045,0.0322,0.0131,0.0
2014-09-11 06:00:00,0.135,0.119,0.1024,0.09,0.075,0.06,0.045,0.0339,0.0123,0.0
2014-09-11 06:30:00,0.135,0.1183,0.1026,0.09,0.075,0.06,0.045,0.0348,0.0129,0.0
2014-09-11 07:00:00,0.135,0.1179,0.1033,0.089,0.075,0.06,0.045,0.0348,0.0141,0.0
2014-09-11 07:30:00,0.135,0.1179,0.1036,0.0883,0.075,0.06,0.045,0.035,0.015,0.0
2014-09-11 08:00:00,0.135,0.1183,0.1053,0.089,0.074,0.06,0.045,0.0339,0.0159,0.0
2014-09-11 08:30:00,0.135,0.119,0.1071,0.0897,0.0733,0.06,0.045,0.0321,0.0171,0.0
2014-09-11 09:00:00,0.135,0.12,0.1088,0.0914,0.0729,0.06,0.045,0.0293,0.0177,0.0
2014-09-11 09:30:00,0.135,0.121,0.1096,0.0927,0.0729,0.06,0.045,0.0274,0.0179,0.0
2014-09-11 10:00:00,0.135,0.1217,0.1107,0.0938,0.0733,0.06,0.045,0.0261,0.0176,0.0
2014-09-11 10:30:00,0.135,0.1221,0.1105,0.0931,0.074,0.06,0.045,0.0252,0.0167,0.0
2014-09-11 11:00:00,0.135,0.1221,0.1088,0.0927,0.0745,0.06,0.045,0.0252,0.016,0.0
2014-09-11 11:30:00,0.135,0.1217,0.1053,0.0917,0.0747,0.06,0.045,0.0264,0.015,0.0
2014-09-11 12:00:00,0.135,0.121,0.1029,0.0903,0.0748,0.06,0.045,0.0274,0.016,0.0
2014-09-11 12:30:00,0.135,0.12,0.1009,0.089,0.075,0.06,0.045,0.029,0.0167,0.0
2014-09-11 13:00:00,0.135,0.12,0.1005,0.0879,0.0752,0.06,0.045,0.03,0.0171,0.0
2014-09-11 13:30:00,0.135,0.12,0.1019,0.0873,0.0753,0.06,0.045,0.0315,0.0171,0.0
2014-09-11 14:00:00,0.135,0.12,0.105,0.0879,0.0755,0.06,0.045,0.0329,0.0167,0.0
2014-09-11 14:30:00,0.135,0.12,0.1081,0.09,0.0771,0.06,0.045,0.0338,0.015,0.0
2014-09-11 15:00:00,0.135,0.12,0.11,0.091,0.0784,0.06,0.045,0.0348,0.0123,0.0
2014-09-11 15:30:00,0.135,0.12,0.111,0.0931,0.0791,0.06,0.045,0.0357,0.0107,0.0
2014-09-11 16:00:00,0.135,0.12,0.1098,0.0934,0.0791,0.06,0.045,0.0363,0.01,0.0
2014-09-11 16:30:00,0.135,0.12,0.1088,0.0931,0.0784,0.06,0.045,0.0363,0.0102,0.0
2014-09-11 17:00:00,0.135,0.12,0.1064,0.091,0.0771,0.06,0.045,0.0357,0.0112,0.0
2014-09-11 17:30:00,0.135,0.12,0.1047,0.089,0.075,0.06,0.045,0.0348,0.0131,0.0
2014-09-11 18:00:00,0.135,0.12,0.104,0.0878,0.074,0.06,0.045,0.0327,0.015,0.0
2014-09-11 18:30:00,0.135,0.12,0.104,0.0862,0.0733,0.06,0.045,0.0307,0.0169,0.0
2014-09-11 19:00:00,0.135,0.12,0.1031,0.0854,0.0729,0.06,0.045,0.0286,0.0177,0.0
2014-09-11 19:30:00,0.135,0.12,0.1038,0.0866,0.0729,0.06,0.045,0.0259,0.0181,0.0
2014-09-11 20:00:00,0.135,0.12,0.1047,0.0885,0.0733,0.06,0.045,0.0235,0.0179,0.0
2014-09-11 20:30:00,0.135,0.12,0.1055,0.0897,0.074,0.06,0.045,0.0218,0.0172,0.0
2014-09-11 21:00:00,0.135,0.119,0.1062,0.0898,0.075,0.06,0.045,0.0218,0.016,0.0
2014-09-11 21:30:00,0.135,0.1183,0.1062,0.0907,0.075,0.06,0.045,0.0225,0.015,0.0
2014-09-11 22:00:00,0.135,0.1179,0.1052,0.0915,0.075,0.06,0.045,0.0242,0.015,0.0
2014-09-11 22:30:00,0.135,0.1174,0.1031,0.0919,0.075,0.06,0.045,0.0271,0.014,0.0
2014-09-11 23:00:00,0.135,0.1174,0.1024,0.0927,0.075,0.06,0.045,0.03,0.0133,0.0
2014-09-11 23:30:00,0.135,0.1179,0.1021,0.0931,0.075,0.06,0.045,0.0319,0.0129,0.0
2014-09-12 00:00:00,0.135,0.119,0.1017,0.0929,0.075,0.06,0.045,0.0331,0.0129,0.0
2014-09-12 00:30:00,0.135,0.1197,0.1023,0.0927,0.075,0.06,0.045,0.0327,0.0133,0.0
2014-09-12 01:00:00,0.135,0.1203,0.1029,0.0914,0.074,0.06,0.045,0.0329,0.014,0.0
2014-09-12 01:30:00,0.135,0.121,0.104,0.0907,0.0733,0.06,0.045,0.0322,0.015,0.0
2014-09-12 02:00:00,0.135,0.1221,0.106,0.0909,0.0729,0.06,0.045,0.031,0.016,0.0
2014-09-12 02:30:00,0.135,0.1226,0.1077,0.0909,0.0729,0.06,0.045,0.0298,0.0167,0.0
2014-09-12 03:00:00,0.135,0.1226,0.1091,0.0917,0.0733,0.06,0.045,0.0288,0.0171,0.0
2014-09-12 03:30:00,0.135,0.1221,0.1093,0.0931,0.074,0.06,0.045,0.0279,0.0171,0.0
2014-09-12 04:00:00,0.135,0.1217,0.1086,0.0943,0.075,0.06,0.045,0.0273,0.0167,0.0
2014-09-12 04:30:00,0.135,0.121,0.1081,0.0951,0.076,0.06,0.045,0.0271,0.016,0.0
2014-09-12 05:00:00,0.135,0.12,0.1077,0.0955,0.0767,0.06,0.045,0.0278,0.015,0.0
2014-09-12 05:30:00,0.135,0.12,0.1079,0.0948,0.0771,0.06,0.045,0.0279,0.015,0.0
2014-09-12 06:00:00,0.135,0.12,0.1076,0.0931,0.0771,0.06,0.045,0.0279,0.015,0.0
2014-09-12 06:30:00,0.135,0.12,0.1067,0.0917,0.0767,0.06,0.045,0.0283,0.015,0.0
2014-09-12 07:00:00,0.135,0.12,0.106,0.091,0.076,0.06,0.045,0.029,0.015,0.0
2014-09-12 07:30:00,0.135,0.12,0.105,0.09,0.075,0.06,0.045,0.03,0.015,0.0
2014-09-12 08:00:00,0.135,0.12,0.105,0.09,0.075,0.06,0.045,0.03,0.015,0.0
2014-09-12 08:30:00,0.135,0.12,0.105,0.09,0.075,0.06,0.045,0.03,0.015,0.0
2014-09-12 09:00:00,0.135,0.12,0.105,0.09,0.075,0.06,0.045,0.03,0.015,0.0
2014-09-12 09:30:00,0.135,0.12,0.105,0.09,0.075,0.06,0.045,0.03,0.015,0.0
2014-09-12 10:00:00,0.135,0.12,0.105,0.09,0.075,0.06,0.045,0.03,0.015,0.0
2014-09-12 10:30:00,0.135,0.12,0.105,0.09,0.075,0.06,0.045,0.03,0.015,0.0
2014-09-12 11:00:00,0.135,0.12,0.105,0.09,0.075,0.06,0.045,0.03,0.015,0.0
2014-09-12 11:30:00,0.135,0.12,0.105,0.09,0.075,0.06,0.045,0.03,0.015,0.0
2014-09-12 12:00:00,0.135,0.12,0.105,0.09,0.075,0.06,0.045,0.03,0.015,0.0
2014-09-12 12:30:00,0.135,0.12,0.105,0.09,0.075,0.06,0.045,0.03,0.015,0.0
2014-09-12 13:00:00,0.135,0.12,0.105,0.09,0.075,0.06,0.045,0.03,0.015,0.0
2014-09-12 13:30:00,0.135,0.12,0.105,0.09,0.075,0.06,0.045,0.03,0.015,0.0
2014-09-12 14:00:00,0.135,0.12,0.105,0.089,0.075,0.06,0.045,0.031,0.015,0.0
2014-09-12 14:30:00,0.135,0.12,0.105,0.0873,0.075,0.06,0.045,0.0317,0.015,0.0
2014-09-12 15:00:00,0.135,0.12,0.104,0.0862,0.075,0.06,0.045,0.0326,0.015,0.0
2014-09-12 15:30:00,0.135,0.12,0.1033,0.0849,0.075,0.06,0.045,0.0339,0.015,0.0
2014-09-12 16:00:00,0.135,0.12,0.1029,0.0845,0.075,0.06,0.045,0.0355,0.015,0.0
2014-09-12 16:30:00,0.135,0.12,0.1029,0.0852,0.075,0.06,0.045,0.0369,0.015,0.0
2014-09-12 17:00:00,0.135,0.12,0.1028,0.0864,0.075,0.06,0.045,0.0372,0.015,0.0
2014-09-12 17:30:00,0.135,0.119,0.1031,0.0874,0.075,0.06,0.045,0.0372,0.015,0.0
2014-09-12 18:00:00,0.135,0.1183,0.104,0.0885,0.075,0.06,0.045,0.0369,0.015,0.0
2014-09-12 18:30:00,0.135,0.1179,0.104,0.0893,0.075,0.06,0.045,0.0355,0.015,0.0
2014-09-12 19:00:00,0.135,0.1179,0.1041,0.0898,0.075,0.06,0.045,0.0339,0.015,0.0
2014-09-12 19:30:00,0.135,0.1183,0.1045,0.0893,0.075,0.06,0.045,0.0326,0.015,0.0
2014-09-12 20:00:00,0.135,0.119,0.105,0.0886,0.075,0.06,0.045,0.0317,0.015,0.0
2014-09-12 20:30:00,0.135,0.1195,0.105,0.0878,0.075,0.06,0.045,0.031,0.015,0.0
2014-09-12 21:00:00,0.135,0.1197,0.104,0.0873,0.075,0.06,0.045,0.029,0.015,0.0
2014-09-12 21:30:00,0.135,0.1198,0.1033,0.0867,0.075,0.06,0.045,0.0278,0.015,0.0
2014-09-12 22:00:00,0.135,0.12,0.1029,0.0864,0.075,0.06,0.045,0.0271,0.015,0.0
2014-09-12 22:30:00,0.135,0.1202,0.1029,0.0864,0.075,0.06,0.045,0.0269,0.015,0.0
2014-09-12 23:00:00,0.135,0.1198,0.1023,0.0862,0.075,0.06,0.045,0.0273,0.016,0.0
2014-09-12 23:30:00,0.135,0.1197,0.1012,0.0862,0.075,0.06,0.045,0.0281,0.0167,0.0
2014-09-13 00:00:00,0.135,0.1195,0.1012,0.0869,0.075,0.06,0.045,0.0295,0.0171,0.0
2014-09-13 00:30:00,0.135,0.1198,0.1019,0.0883,0.075,0.06,0.045,0.0305,0.0176,0.0
2014-09-13 01:00:00,0.135,0.1197,0.1019,0.089,0.075,0.06,0.045,0.0319,0.0176,0.0
2014-09-13 01:30:00,0.135,0.1197,0.1026,0.091,0.075,0.06,0.045,0.0327,0.0181,0.0
2014-09-13 02:00:00,0.135,0.1198,0.1035,0.0917,0.075,0.06,0.045,0.0331,0.0177,0.0
2014-09-13 02:30:00,0.135,0.12,0.1043,0.0921,0.076,0.06,0.045,0.0329,0.0169,0.0
2014-09-13 03:00:00,0.135,0.12,0.1041,0.0921,0.0767,0.06,0.045,0.0322,0.0159,0.0
2014-09-13 03:30:00,0.135,0.1205,0.105,0.0917,0.0771,0.06,0.045,0.03,0.0147,0.0
2014-09-13 04:00:00,0.135,0.121,0.1059,0.0915,0.076,0.06,0.045,0.0278,0.0135,0.0
2014-09-13 04:30:00,0.135,0.1219,0.1067,0.0909,0.075,0.06,0.045,0.0261,0.0124,0.0
2014-09-13 05:00:00,0.135,0.1222,0.1072,0.09,0.074,0.06,0.045,0.0252,0.0119,0.0
2014-09-13 05:30:00,0.135,0.1231,0.1067,0.0893,0.0729,0.06,0.045,0.0252,0.0123,0.0
2014-09-13 06:00:00,0.135,0.1238,0.1053,0.0888,0.0723,0.06,0.045,0.0261,0.0121,0.0
2014-09-13 06:30:00,0.135,0.1238,0.105,0.0895,0.0723,0.06,0.045,0.0278,0.0124,0.0
2014-09-13 07:00:00,0.135,0.1231,0.1047,0.09,0.0724,0.06,0.045,0.029,0.0133,0.0
2014-09-13 07:30:00,0.135,0.1217,0.1043,0.0915,0.0726,0.06,0.045,0.031,0.014,0.0
2014-09-13 08:00:00,0.135,0.121,0.104,0.0929,0.0726,0.06,0.045,0.0322,0.015,0.0
2014-09-13 08:30:00,0.135,0.1205,0.105,0.0933,0.0731,0.06,0.045,0.0329,0.015,0.0
2014-09-13 09:00:00,0.135,0.1203,0.106,0.0929,0.0741,0.06,0.045,0.0331,0.015,0.0
2014-09-13 09:30:00,0.135,0.1202,0.1067,0.0919,0.0743,0.06,0.045,0.0327,0.015,0.0
2014-09-13 10:00:00,0.135,0.12,0.1081,0.0915,0.0747,0.06,0.045,0.0319,0.015,0.0
2014-09-13 10:30:00,0.135,0.1198,0.1088,0.0909,0.075,0.06,0.045,0.0315,0.015,0.0
2014-09-13 11:00:00,0.135,0.1197,0.1098,0.09,0.0769,0.06,0.045,0.0317,0.015,0.0
2014-09-13 11:30:00,0.135,0.1195,0.1093,0.0897,0.0788,0.06,0.045,0.0321,0.015,0.0
2014-09-13 12:00:00,0.135,0.119,0.1089,0.0893,0.0798,0.06,0.045,0.0321,0.015,0.0
2014-09-13 12:30:00,0.135,0.1183,0.1077,0.0897,0.08,0.06,0.045,0.0317,0.015,0.0
2014-09-13 13:00:00,0.135,0.1179,0.1071,0.09,0.0793,0.06,0.045,0.031,0.015,0.0
2014-09-13 13:30:00,0.135,0.1179,0.1059,0.0903,0.0777,0.06,0.045,0.03,0.015,0.0
2014-09-13 14:00:00,0.135,0.1183,0.1055,0.0917,0.076,0.06,0.045,0.03,0.015,0.0
2014-09-13 14:30:00,0.135,0.119,0.105,0.0921,0.0729,0.06,0.045,0.03,0.015,0.0
2014-09-13 15:00:00,0.135,0.12,0.1045,0.0921,0.0716,0.06,0.045,0.0295,0.015,0.0
2014-09-13 15:30:00,0.135,0.12,0.1041,0.0912,0.0709,0.06,0.045,0.0291,0.015,0.0
2014-09-13 16:00:00,0.135,0.12,0.1045,0.0897,0.0709,0.06,0.045,0.029,0.015,0.0
2014-09-13 16:30:00,0.135,0.12,0.1048,0.0893,0.0716,0.06,0.045,0.029,0.015,0.0
2014-09-13 17:00:00,0.135,0.12,0.1052,0.0888,0.0729,0.06,0.045,0.0291,0.015,0.0
2014-09-13 17:30:00,0.135,0.12,0.105,0.0885,0.075,0.06,0.045,0.0295,0.015,0.0
2014-09-13 18:00:00,0.135,0.12,0.104,0.0897,0.076,0.06,0.045,0.0295,0.015,0.0
2014-09-13 18:30:00,0.135,0.12,0.1038,0.0898,0.0767,0.06,0.045,0.0302,0.015,0.0
2014-09-13 19:00:00,0.135,0.12,0.1036,0.0912,0.0771,0.06,0.045,0.0307,0.015,0.0
2014-09-13 19:30:00,0.135,0.12,0.1041,0.0921,0.0771,0.06,0.045,0.031,0.015,0.0
2014-09-13 20:00:00,0.135,0.12,0.1038,0.0934,0.0767,0.06,0.045,0.0312,0.015,0.0
2014-09-13 20:30:00,0.135,0.12,0.104,0.0943,0.076,0.06,0.045,0.0312,0.015,0.0
2014-09-13 21:00:00,0.135,0.12,0.105,0.0943,0.075,0.06,0.045,0.031,0.016,0.0
2014-09-13 21:30:00,0.135,0.12,0.1052,0.0945,0.075,0.06,0.045,0.03,0.0167,0.0
2014-09-13 22:00:00,0.135,0.119,0.1062,0.0941,0.075,0.06,0.045,0.03,0.0171,0.0
2014-09-13 22:30:00,0.135,0.1183,0.1071,0.0938,0.075,0.06,0.045,0.031,0.0171,0.0
2014-09-13 23:00:00,0.135,0.1179,0.1077,0.0938,0.075,0.06,0.045,0.0322,0.0167,0.0
2014-09-13 23:30:00,0.135,0.1179,0.1079,0.0931,0.075,0.06,0.045,0.0339,0.016,0.0
2014-09-14 00:00:00,0.135,0.1183,0.1062,0.0907,0.075,0.06,0.045,0.0348,0.015,0.0
2014-09-14 00:30:00,0.135,0.119,0.1053,0.0893,0.076,0.06,0.045,0.0348,0.014,0.0
2014-09-14 01:00:00,0.135,0.12,0.105,0.0869,0.0767,0.06,0.045,0.0339,0.0133,0.0
2014-09-14 01:30:00,0.135,0.121,0.1041,0.0852,0.0771,0.06,0.045,0.0322,0.0129,0.0
2014-09-14 02:00:00,0.135,0.1217,0.1024,0.0845,0.0771,0.06,0.045,0.03,0.0129,0.0
2014-09-14 02:30:00,0.135,0.1221,0.1012,0.0849,0.0767,0.06,0.045,0.0278,0.0133,0.0
2014-09-14 03:00:00,0.135,0.1221,0.1009,0.0852,0.076,0.06,0.045,0.0261,0.014,0.0
2014-09-14 03:30:00,0.135,0.1217,0.1014,0.0855,0.075,0.06,0.045,0.0252,0.015,0.0
2014-09-14 04:00:00,0.135,0.121,0.1024,0.0869,0.0729,0.06,0.045,0.0252,0.014,0.0
2014-09-14 04:30:00,0.135,0.12,0.104,0.0879,0.0716,0.06,0.045,0.0261,0.0133,0.0
2014-09-14 05:00:00,0.135,0.12,0.1064,0.0883,0.0709,0.06,0.045,0.0278,0.0129,0.0
2014-09-14 05:30:00,0.135,0.12,0.1079,0.089,0.0709,0.06,0.045,0.029,0.0129,0.0
2014-09-14 06:00:00,0.135,0.12,0.1089,0.09,0.0716,0.06,0.045,0.03,0.0133,0.0
2014-09-14 06:30:00,0.135,0.12,0.1081,0.09,0.0729,0.06,0.045,0.03,0.014,0.0
2014-09-14 07:00:00,0.135,0.12,0.1077,0.091,0.075,0.06,0.045,0.029,0.015,0.0
2014-09-14 07:30:00,0.135,0.12,0.1069,0.0917,0.076,0.06,0.045,0.0283,0.016,0.0
2014-09-14 08:00:00,0.135,0.121,0.105,0.0921,0.0767,0.06,0.045,0.0279,0.0167,0.0
2014-09-14 08:30:00,0.135,0.1217,0.1031,0.0931,0.0771,0.06,0.045,0.0279,0.0171,0.0
2014-09-14 09:00:00,0.135,0.1221,0.1012,0.0934,0.0771,0.06,0.045,0.0283,0.0171,0.0
2014-09-14 09:30:00,0.135,0.1226,0.1002,0.0926,0.0767,0.06,0.045,0.0279,0.0183,0.0
2014-09-14 10:00:00,0.135,0.1226,0.1,0.0912,0.0765,0.06,0.045,0.0278,0.0186,0.0
2014-09-14 10:30:00,0.135,0.1221,0.0997,0.0902,0.0764,0.06,0.045,0.0266,0.0181,0.0
2014-09-14 11:00:00,0.135,0.121,0.1,0.0881,0.0774,0.06,0.045,0.0255,0.0181,0.0
2014-09-14 11:30:00,0.135,0.1203,0.1016,0.0869,0.0784,0.06,0.045,0.0249,0.0176,0.0
2014-09-14 12:00:00,0.135,0.1197,0.1033,0.0867,0.0788,0.06,0.045,0.0237,0.0165,0.0
2014-09-14 12:30:00,0.135,0.119,0.1041,0.0862,0.0789,0.06,0.045,0.023,0.015,0.0
2014-09-14 13:00:00,0.135,0.119,0.1052,0.0866,0.0788,0.06,0.045,0.0233,0.014,0.0
2014-09-14 13:30:00,0.135,0.1191,0.1074,0.0876,0.0788,0.06,0.045,0.0243,0.0123,0.0
2014-09-14 14:00:00,0.135,0.1195,0.1081,0.0886,0.0779,0.06,0.045,0.0259,0.0112,0.0
2014-09-14 14:30:00,0.135,0.1195,0.1071,0.0883,0.0765,0.06,0.045,0.0273,0.0104,0.0
2014-09-14 15:00:00,0.135,0.1191,0.1057,0.089,0.075,0.06,0.045,0.029,0.0104,0.0
2014-09-14 15:30:00,0.135,0.119,0.1053,0.09,0.0729,0.06,0.045,0.03,0.0107,0.0
2014-09-14 16:00:00,0.135,0.119,0.1048,0.0903,0.0712,0.06,0.045,0.0298,0.0121,0.0
2014-09-14 16:30:00,0.135,0.1186,0.1031,0.09,0.0707,0.06,0.045,0.0312,0.0131,0.0
2014-09-14 17:00:00,0.135,0.1186,0.1024,0.0898,0.0705,0.06,0.045,0.0327,0.014,0.0
2014-09-14 17:30:00,0.135,0.119,0.1024,0.0903,0.0704,0.06,0.045,0.0348,0.015,0.0
2014-09-14 18:00:00,0.135,0.119,0.1024,0.0897,0.0707,0.06,0.045,0.0363,0.0155,0.0
2014-09-14 18:30:00,0.135,0.1191,0.1023,0.09,0.0714,0.06,0.045,0.0375,0.016,0.0
2014-09-14 19:00:00,0.135,0.1195,0.1031,0.0907,0.0723,0.06,0.045,0.0382,0.0169,0.0
2014-09-14 19:30:00,0.135,0.12,0.1045,0.0919,0.0731,0.06,0.045,0.0382,0.0172,0.0
2014-09-14 20:00:00,0.135,0.12,0.1055,0.0917,0.0745,0.06,0.045,0.0365,0.0171,0.0
2014-09-14 20:30:00,0.135,0.12,0.1064,0.0922,0.074,0.06,0.045,0.0336,0.0171,0.0
2014-09-14 21:00:00,0.135,0.12,0.1069,0.0938,0.0738,0.06,0.045,0.03,0.0167,0.0
2014-09-14 21:30:00,0.135,0.12,0.1071,0.0948,0.0738,0.06,0.045,0.0274,0.015,0.0
2014-09-14 22:00:00,0.135,0.12,0.1069,0.0958,0.074,0.06,0.045,0.0262,0.0133,0.0
2014-09-14 22:30:00,0.135,0.12,0.1053,0.0958,0.0743,0.06,0.045,0.0261,0.0129,0.0
2014-09-14 23:00:00,0.135,0.12,0.1048,0.0948,0.0748,0.06,0.045,0.0278,0.014,0.0
2014-09-14 23:30:00,0.135,0.12,0.1036,0.0927,0.0755,0.06,0.045,0.03,0.015,0.0
2014-09-15 00:00:00,0.135,0.1195,0.1033,0.0905,0.076,0.06,0.045,0.0322,0.0165,0.0
2014-09-15 00:30:00,0.135,0.1191,0.1038,0.0881,0.0767,0.06,0.045,0.0339,0.0179,0.0
2014-09-15 01:00:00,0.135,0.119,0.1045,0.0873,0.0771,0.06,0.045,0.0348,0.0188,0.0
2014-09-15 01:30:00,0.135,0.119,0.1053,0.0869,0.0771,0.06,0.045,0.0348,0.0188,0.0
2014-09-15 02:00:00,0.135,0.1191,0.1055,0.0871,0.0767,0.06,0.045,0.0339,0.0179,0.0
2014-09-15 02:30:00,0.135,0.1195,0.1067,0.0878,0.076,0.06,0.045,0.0322,0.0165,0.0
2014-09-15 03:00:00,0.135,0.12,0.1071,0.09,0.075,0.06,0.045,0.031,0.015,0.0
2014-09-15 03:30:00,0.135,0.1205,0.1069,0.0922,0.075,0.06,0.045,0.029,0.0135,0.0
2014-09-15 04:00:00,0.135,0.1209,0.1069,0.0939,0.0745,0.06,0.045,0.0278,0.0126,0.0
2014-09-15 04:30:00,0.135,0.121,0.1071,0.0948,0.0741,0.06,0.045,0.0261,0.0131,0.0
2014-09-15 05:00:00,0.135,0.121,0.1072,0.0948,0.074,0.06,0.045,0.0252,0.014,0.0
2014-09-15 05:30:00,0.135,0.1209,0.1074,0.0939,0.0729,0.06,0.045,0.0252,0.0152,0.0
2014-09-15 06:00:00,0.135,0.1205,0.1065,0.0922,0.0724,0.06,0.045,0.0261,0.0153,0.0
2014-09-15 06:30:00,0.135,0.12,0.106,0.0905,0.0724,0.06,0.045,0.0278,0.0155,0.0
2014-09-15 07:00:00,0.135,0.12,0.1053,0.0891,0.0729,0.06,0.045,0.03,0.015,0.0
2014-09-15 07:30:00,0.135,0.12,0.104,0.089,0.0738,0.06,0.045,0.0322,0.0155,0.0
2014-09-15 08:00:00,0.135,0.12,0.1028,0.089,0.0748,0.06,0.045,0.0339,0.0159,0.0
2014-09-15 08:30:00,0.135,0.12,0.1026,0.0891,0.076,0.06,0.045,0.0348,0.016,0.0
2014-09-15 09:00:00,0.135,0.12,0.104,0.0895,0.0771,0.06,0.045,0.0348,0.016,0.0
2014-09-15 09:30:00,0.135,0.12,0.1059,0.09,0.0776,0.06,0.045,0.0339,0.0159,0.0
2014-09-15 10:00:00,0.135,0.12,0.1064,0.0905,0.0776,0.06,0.045,0.0322,0.0155,0.0
2014-09-15 10:30:00,0.135,0.12,0.1074,0.0909,0.0771,0.06,0.045,0.031,0.015,0.0
2014-09-15 11:00:00,0.135,0.12,0.1086,0.091,0.0767,0.06,0.045,0.03,0.015,0.0
2014-09-15 11:30:00,0.135,0.12,0.1089,0.091,0.076,0.06,0.045,0.03,0.015,0.0
2014-09-15 12:00:00,0.135,0.12,0.1077,0.0898,0.075,0.06,0.045,0.029,0.015,0.0
2014-09-15 12:30:00,0.135,0.12,0.1071,0.0878,0.074,0.06,0.045,0.0283,0.014,0.0
2014-09-15 13:00:00,0.135,0.119,0.1072,0.0862,0.0733,0.06,0.045,0.0279,0.0133,0.0
2014-09-15 13:30:00,0.135,0.1183,0.1064,0.0859,0.0729,0.06,0.045,0.0279,0.0129,0.0
2014-09-15 14:00:00,0.135,0.1179,0.1055,0.0862,0.0729,0.06,0.045,0.0278,0.0129,0.0
2014-09-15 14:30:00,0.135,0.1179,0.1055,0.0873,0.0733,0.06,0.045,0.0281,0.0123,0.0
2014-09-15 15:00:00,0.135,0.1178,0.1055,0.089,0.074,0.06,0.045,0.029,0.0133,0.0
2014-09-15 15:30:00,0.135,0.1181,0.1055,0.091,0.075,0.06,0.045,0.029,0.0147,0.0
2014-09-15 16:00:00,0.135,0.1179,0.1053,0.0927,0.076,0.06,0.045,0.0281,0.016,0.0
2014-09-15 16:30:00,0.135,0.1183,0.1045,0.0938,0.0767,0.06,0.045,0.0278,0.0171,0.0
2014-09-15 17:00:00,0.135,0.1188,0.1043,0.0941,0.0771,0.06,0.045,0.0279,0.0177,0.0
2014-09-15 17:30:00,0.135,0.12,0.1033,0.0938,0.0771,0.06,0.045,0.029,0.0181,0.0
2014-09-15 18:00:00,0.135,0.1212,0.1017,0.0927,0.0767,0.06,0.045,0.03,0.0167,0.0
2014-09-15 18:30:00,0.135,0.1227,0.1004,0.091,0.076,0.06,0.045,0.031,0.015,0.0
2014-09-15 19:00:00,0.135,0.1238,0.0993,0.09,0.074,0.06,0.045,0.0326,0.0133,0.0
2014-09-15 19:30:00,0.135,0.1239,0.0995,0.09,0.0728,0.06,0.045,0.0336,0.0129,0.0
2014-09-15 20:00:00,0.135,0.1243,0.1002,0.09,0.0721,0.06,0.045,0.0327,0.0129,0.0
2014-09-15 20:30:00,0.135,0.1227,0.1019,0.09,0.0709,0.06,0.045,0.0309,0.0133,0.0
2014-09-15 21:00:00,0.135,0.1203,0.1033,0.09,0.0705,0.06,0.045,0.029,0.014,0.0
2014-09-15 21:30:00,0.135,0.1179,0.105,0.09,0.0711,0.06,0.045,0.0264,0.014,0.0
2014-09-15 22:00:00,0.135,0.1169,0.1067,0.09,0.0724,0.06,0.045,0.0245,0.0133,0.0
2014-09-15 22:30:00,0.135,0.1162,0.1081,0.09,0.0743,0.06,0.045,0.024,0.0129,0.0
2014-09-15 23:00:00,0.135,0.1167,0.1088,0.09,0.0757,0.06,0.045,0.0247,0.0129,0.0
2014-09-15 23:30:00,0.135,0.1181,0.1098,0.09,0.076,0.06,0.045,0.0255,0.0133,0.0
2014-09-16 00:00:00,0.135,0.1195,0.1098,0.09,0.0753,0.06,0.045,0.0269,0.014,0.0
2014-09-16 00:30:00,0.135,0.1193,0.1093,0.089,0.0736,0.06,0.045,0.029,0.015,0.0
2014-09-16 01:00:00,0.135,0.1183,0.1089,0.0873,0.0712,0.06,0.045,0.031,0.016,0.0
2014-09-16 01:30:00,0.135,0.1178,0.1088,0.0862,0.0695,0.06,0.045,0.0327,0.0167,0.0
2014-09-16 02:00:00,0.135,0.1178,0.1077,0.0859,0.0699,0.06,0.045,0.0341,0.0171,0.0
2014-09-16 02:30:00,0.135,0.1176,0.1057,0.0852,0.0723,0.06,0.045,0.0348,0.0171,0.0
2014-09-16 03:00:00,0.135,0.1178,0.1047,0.0855,0.075,0.06,0.045,0.035,0.0167,0.0
2014-09-16 03:30:00,0.135,0.1179,0.1036,0.0869,0.0788,0.06,0.045,0.035,0.015,0.0
2014-09-16 04:00:00,0.135,0.1193,0.1033,0.089,0.0813,0.06,0.045,0.0348,0.0133,0.0
2014-09-16 04:30:00,0.135,0.1207,0.1031,0.09,0.0827,0.06,0.045,0.0348,0.0129,0.0
2014-09-16 05:00:00,0.135,0.1217,0.1045,0.091,0.0825,0.06,0.045,0.0339,0.0129,0.0
2014-09-16 05:30:00,0.135,0.1214,0.1055,0.091,0.0808,0.06,0.045,0.0322,0.0128,0.0
2014-09-16 06:00:00,0.135,0.1221,0.1069,0.091,0.0789,0.06,0.045,0.031,0.0121,0.0
2014-09-16 06:30:00,0.135,0.1224,0.1067,0.0907,0.0772,0.06,0.045,0.03,0.0123,0.0
2014-09-16 07:00:00,0.135,0.1215,0.1064,0.09,0.076,0.06,0.045,0.03,0.0129,0.0
2014-09-16 07:30:00,0.135,0.1212,0.1059,0.0903,0.075,0.06,0.045,0.03,0.0138,0.0
2014-09-16 08:00:00,0.135,0.1217,0.1052,0.0917,0.075,0.06,0.045,0.029,0.0148,0.0
2014-09-16 08:30:00,0.135,0.1221,0.1038,0.0927,0.075,0.06,0.045,0.0283,0.016,0.0
2014-09-16 09:00:00,0.135,0.1219,0.1031,0.0931,0.075,0.06,0.045,0.0274,0.0172,0.0
2014-09-16 09:30:00,0.135,0.1222,0.1029,0.0938,0.075,0.06,0.045,0.0271,0.0179,0.0
2014-09-16 10:00:00,0.135,0.1221,0.1033,0.0938,0.075,0.06,0.045,0.0273,0.0177,0.0
2014-09-16 10:30:00,0.135,0.1221,0.1028,0.0931,0.075,0.06,0.045,0.0279,0.0181,0.0
2014-09-16 11:00:00,0.135,0.1217,0.1017,0.0917,0.075,0.06,0.045,0.0291,0.0179,0.0
2014-09-16 11:30:00,0.135,0.121,0.1016,0.091,0.075,0.06,0.045,0.03,0.0162,0.0
2014-09-16 12:00:00,0.135,0.119,0.1016,0.09,0.075,0.06,0.045,0.0309,0.0143,0.0
2014-09-16 12:30:00,0.135,0.1183,0.1023,0.09,0.075,0.06,0.045,0.0321,0.0129,0.0
2014-09-16 13:00:00,0.135,0.1174,0.1033,0.09,0.075,0.06,0.045,0.0327,0.0129,0.0
2014-09-16 13:30:00,0.135,0.1171,0.1057,0.09,0.075,0.06,0.045,0.0329,0.0133,0.0
2014-09-16 14:00:00,0.135,0.1173,0.1081,0.09,0.075,0.06,0.045,0.0326,0.014,0.0
2014-09-16 14:30:00,0.135,0.1179,0.1093,0.09,0.074,0.06,0.045,0.0317,0.015,0.0
2014-09-16 15:00:00,0.135,0.1191,0.1096,0.09,0.0733,0.06,0.045,0.031,0.016,0.0
2014-09-16 15:30:00,0.135,0.1195,0.1091,0.09,0.0724,0.06,0.045,0.03,0.0157,0.0
2014-09-16 16:00:00,0.135,0.12,0.1077,0.09,0.0721,0.06,0.045,0.03,0.0164,0.0
2014-09-16 16:30:00,0.135,0.1205,0.1069,0.09,0.0723,0.06,0.045,0.03,0.0167,0.0
2014-09-16 17:00:00,0.135,0.1209,0.105,0.09,0.0729,0.06,0.045,0.03,0.0167,0.0
2014-09-16 17:30:00,0.135,0.121,0.1041,0.09,0.0741,0.06,0.045,0.03,0.0164,0.0
2014-09-16 18:00:00,0.135,0.121,0.104,0.09,0.075,0.06,0.045,0.03,0.0157,0.0
2014-09-16 18:30:00,0.135,0.1209,0.104,0.09,0.0759,0.06,0.045,0.03,0.016,0.0
2014-09-16 19:00:00,0.135,0.1215,0.1047,0.09,0.076,0.06,0.045,0.03,0.016,0.0
2014-09-16 19:30:00,0.135,0.1217,0.1053,0.09,0.076,0.06,0.045,0.03,0.0147,0.0
2014-09-16 20:00:00,0.135,0.1221,0.106,0.09,0.0759,0.06,0.045,0.03,0.0136,0.0
2014-09-16 20:30:00,0.135,0.121,0.1071,0.09,0.0755,0.06,0.045,0.03,0.0129,0.0
2014-09-16 21:00:00,0.135,0.1195,0.1076,0.09,0.075,0.06,0.045,0.03,0.0126,0.0
2014-09-16 21:30:00,0.135,0.1181,0.1076,0.089,0.075,0.06,0.045,0.03,0.0126,0.0
2014-09-16 22:00:00,0.135,0.1169,0.1071,0.0883,0.075,0.06,0.045,0.03,0.0129,0.0
2014-09-16 22:30:00,0.135,0.1173,0.1067,0.0879,0.076,0.06,0.045,0.03,0.015,0.0
2014-09-16 23:00:00,0.135,0.1181,0.106,0.0879,0.0767,0.06,0.045,0.029,0.015,0.0
2014-09-16 23:30:00,0.135,0.1185,0.105,0.0883,0.0771,0.06,0.045,0.0283,0.015,0.0
2014-09-17 00:00:00,0.135,0.1193,0.104,0.089,0.0771,0.06,0.045,0.0274,0.015,0.0
2014-09-17 00:30:00,0.135,0.1197,0.1033,0.09,0.0767,0.06,0.045,0.0261,0.015,0.0
2014-09-17 01:00:00,0.135,0.12,0.1029,0.091,0.076,0.06,0.045,0.0245,0.015,0.0
2014-09-17 01:30:00,0.135,0.1203,0.1029,0.0917,0.074,0.06,0.045,0.0242,0.015,0.0
2014-09-17 02:00:00,0.135,0.1197,0.1028,0.0921,0.0728,0.06,0.045,0.024,0.0145,0.0
2014-09-17 02:30:00,0.135,0.1193,0.1021,0.0921,0.0721,0.06,0.045,0.024,0.0147,0.0
2014-09-17 03:00:00,0.135,0.119,0.1023,0.0917,0.0719,0.06,0.045,0.0252,0.0148,0.0
2014-09-17 03:30:00,0.135,0.1197,0.1019,0.091,0.0723,0.06,0.045,0.0279,0.015,0.0
2014-09-17 04:00:00,0.135,0.1209,0.1021,0.09,0.0721,0.06,0.045,0.031,0.0152,0.0
2014-09-17 04:30:00,0.135,0.1214,0.1028,0.09,0.0728,0.06,0.045,0.0327,0.0153,0.0
2014-09-17 05:00:00,0.135,0.1219,0.104,0.09,0.074,0.06,0.045,0.0331,0.0155,0.0
2014-09-17 05:30:00,0.135,0.1215,0.105,0.09,0.0752,0.06,0.045,0.0321,0.016,0.0
2014-09-17 06:00:00,0.135,0.1202,0.105,0.09,0.0762,0.06,0.045,0.0307,0.0167,0.0
2014-09-17 06:30:00,0.135,0.1188,0.105,0.09,0.0771,0.06,0.045,0.0279,0.0171,0.0
2014-09-17 07:00:00,0.135,0.1178,0.105,0.089,0.0777,0.06,0.045,0.0261,0.016,0.0
2014-09-17 07:30:00,0.135,0.1178,0.104,0.0873,0.0779,0.06,0.045,0.025,0.0145,0.0
